DROP TABLE IF EXISTS data_przydatnosci CASCADE; --jest 
DROP TABLE IF EXISTS promocje CASCADE; --jest
DROP TABLE IF EXISTS produkty CASCADE; --jest	
DROP TABLE IF EXISTS dostawcy CASCADE; --jest
DROP TABLE IF EXISTS kategorie CASCADE; --jest 
DROP TABLE IF EXISTS stanowiska CASCADE; --jest
DROP TABLE IF EXISTS dostepnosc_produktow CASCADE; --jest
DROP TABLE IF EXISTS rabaty_klienckie CASCADE; --jest 
DROP TABLE IF EXISTS data_przydatnosci CASCADE; --jest
DROP TABLE IF EXISTS reklamacje_klientow CASCADE; --jest
DROP TABLE IF EXISTS historia_sprzedazy CASCADE; --jest
DROP TABLE IF EXISTS historia_zatrudnien CASCADE; --jest
DROP TABLE IF EXISTS historia_cen CASCADE; --brak
DROP TABLE IF EXISTS placowki CASCADE; --jest
DROP TABLE IF EXISTS klienci CASCADE; --jest
DROP TABLE IF EXISTS zakupy CASCADE; --jest
DROP TABLE IF EXISTS pracownicy CASCADE; --jest
DROP TABLE IF EXISTS premie CASCADE; --jest
DROP TABLE IF EXISTS produkty_dostawcy CASCADE;

CREATE TABLE dostawcy(
	id_dostawcy INT NOT NULL,
	nazwa VARCHAR NOT NULL,
	email VARCHAR,
	telefon NUMERIC,
	PRIMARY KEY(id_dostawcy),
	CONSTRAINT proper_email CHECK(email ~* '^[A-Za-z0-9._%-]+@[A-Za-z0-9.-]+[.][A-Za-z]+$')
	);
	

CREATE TABLE kategorie(
	id_kategorii INT NOT NULL,
	nazwa VARCHAR NOT NULL,
	vat INT NOT NULL,
	PRIMARY KEY(id_kategorii),
	CONSTRAINT vatt CHECK(vat <= 23 AND vat >= 0)
	);

CREATE TABLE produkty(
	id_produktu INT NOT NULL,
	nazwa VARCHAR NOT NULL,
	id_kategorii INT NOT NULL REFERENCES kategorie(id_kategorii),
	PRIMARY KEY(id_produktu)
	);
	
CREATE TABLE klienci(
	id_klienta INT NOT NULL,
	email VARCHAR,
	imie VARCHAR,
	nazwisko VARCHAR,
	PRIMARY KEY(id_klienta),
	CONSTRAINT proper_email CHECK (email ~* '^[A-Za-z0-9._%-]+@[A-Za-z0-9.-]+[.][A-Za-z]+$')
	);
	
CREATE TABLE placowki(
	id_placowki INT NOT NULL,
	wlasciciel VARCHAR,
	adres VARCHAR NOT NULL,
	PRIMARY KEY(id_placowki)
	);

CREATE TABLE pracownicy(
	id_pracownika INT NOT NULL,
	imie VARCHAR NOT NULL,
	nazwisko VARCHAR NOT NULL,
	nr_rachunku_bankowego NUMERIC(26) NOT NULL,
	PRIMARY KEY(id_pracownika)
	);
	
CREATE TABLE stanowiska(
	id_stanowiska INT NOT NULL,
	nazwa VARCHAR NOT NULL,
	pensja_min INT NOT NULL,
	pensja_max INT NOT NULL,
	PRIMARY KEY(id_stanowiska)
	);
	
CREATE TABLE data_przydatnosci(
	numer_serii INT NOT NULL,
	data_przydatnosci DATE NOT NULL,
	id_produktu INT NOT NULL REFERENCES produkty(id_produktu),
	PRIMARY KEY(numer_serii)
	);
	
CREATE TABLE dostepnosc_produktow(
	id_produktu INT NOT NULL REFERENCES produkty(id_produktu),
	id_placowki INT NOT NULL REFERENCES placowki(id_placowki),
	ilosc INT,
	waga NUMERIC,
	numer_serii INT NOT NULL REFERENCES data_przydatnosci(numer_serii),
	PRIMARY KEY(id_placowki,id_produktu,numer_serii)
	);

CREATE TABLE produkty_dostawcy(
	numer_serii INT NOT NULL REFERENCES data_przydatnosci(numer_serii),
	id_dostawcy INT NOT NULL REFERENCES dostawcy(id_dostawcy),
	PRIMARY KEY(numer_serii,id_dostawcy));
	
	
CREATE TABLE historia_cen(
	id_produktu INT NOT NULL REFERENCES produkty(id_produktu),
	data_od DATE NOT NULL,
	data_do DATE,
	id_placowki INT NOT NULL REFERENCES placowki(id_placowki),
	cena_netto NUMERIC NOT NULL,
	PRIMARY KEY(id_produktu,data_od,id_placowki),
	CONSTRAINT cn CHECK(cena_netto > 0)
	);
	
CREATE TABLE zakupy(
	id_zakupow INT NOT NULL,
	data_zakupow DATE NOT NULL,
	id_klienta INT NOT NULL REFERENCES klienci(id_klienta),
	id_placowki INT NOT NULL REFERENCES placowki(id_placowki),
	PRIMARY KEY(id_zakupow)
	);
	
CREATE TABLE historia_sprzedazy(
	id_produktu INT NOT NULL REFERENCES produkty(id_produktu),
	id_zakupow INT NOT NULL REFERENCES zakupy(id_zakupow),
	id_serii INT NOT NULL,
	ilosc INT,
	waga NUMERIC,
	PRIMARY KEY(id_produktu,id_zakupow)
	);

CREATE TABLE historia_zatrudnien(
	id_pracownika INT NOT NULL REFERENCES pracownicy(id_pracownika),
	id_stanowiska INT NOT NULL REFERENCES stanowiska(id_stanowiska),
	id_placowki INT NOT NULL REFERENCES placowki(id_placowki),
	pensja INT NOT NULL,
	zatrudniony_od DATE NOT NULL,
	zatrudniony_do DATE,
	PRIMARY KEY(id_pracownika,zatrudniony_od),
	CONSTRAINT popr_dat CHECK(zatrudniony_do IS NULL OR zatrudniony_do > zatrudniony_od)
	);


CREATE TABLE premie(
	id_pracownika INT NOT NULL REFERENCES pracownicy(id_pracownika),
	wysokosc_premii INT NOT NULL,
	data_przyznania DATE DEFAULT NOW() NOT NULL,
	CONSTRAINT prem CHECK(wysokosc_premii > 0)
	);

CREATE TABLE promocje(
	id_produktu INT NOT NULL REFERENCES produkty(id_produktu),
	znizka NUMERIC NOT NULL,
	data_zakonczenia DATE NOT NULL,
	PRIMARY KEY(id_produktu,data_zakonczenia),
	CONSTRAINT pr CHECK(znizka >= 0.01 AND znizka <= 99.99)
	);
	
CREATE TABLE rabaty_klienckie(
	id_klienta INT NOT NULL REFERENCES klienci(id_klienta),
	id_rabatu INT NOT NULL,
	data_waznosci DATE,
	procent NUMERIC NOT NULL,
	PRIMARY KEY(id_rabatu),
	CONSTRAINT pr CHECK(procent > 0 AND procent < 100)
	);
	
CREATE TABLE reklamacje_klientow(
	id_produktu INT REFERENCES produkty(id_produktu),
	data_reklamacji DATE NOT NULL,
	opis_reklamacji VARCHAR,
	id_zakupow INT REFERENCES zakupy(id_zakupow),
	status_reklamacji BOOLEAN NOT NULL,
	informacje VARCHAR,
	PRIMARY KEY(id_produktu,id_zakupow)
	);

CREATE OR REPLACE FUNCTION tel() RETURNS TRIGGER AS $tel$
BEGIN
      IF char_length(NEW.telefon::VARCHAR) != 9 THEN
		RAISE EXCEPTION 'Zly Numer Telefonu';
	  ELSE
		RETURN NEW;
	END IF;
END;
$tel$ LANGUAGE plpgsql;
CREATE TRIGGER tel BEFORE INSERT ON dostawcy
FOR EACH ROW EXECUTE PROCEDURE tel();

CREATE OR REPLACE FUNCTION nl() RETURNS TRIGGER AS $nl$
BEGIN
    IF NEW.waga IS NOT NULL AND NEW.ilosc IS NOT NULL THEN 
		RAISE EXCEPTION 'Nalezy podac wage ALBO ilosc';
	END IF;
	IF NEW.waga IS NULL AND NEW.ilosc IS NULL THEN
		RAISE EXCEPTION 'Nalezy podac wage ALBO ilosc';
	END IF;
	
	RETURN NEW;
END;
$nl$ LANGUAGE plpgsql;

CREATE TRIGGER nl BEFORE INSERT ON dostepnosc_produktow
FOR EACH ROW EXECUTE PROCEDURE nl();

CREATE TRIGGER nl2 BEFORE INSERT ON historia_sprzedazy
FOR EACH ROW EXECUTE PROCEDURE nl();

CREATE OR REPLACE FUNCTION dt() RETURNS TRIGGER AS $dt$
BEGIN
	IF NEW.data_do IS NOT NULL THEN
		IF NEW.data_do < NEW.data_od THEN
			RETURN NULL;
		END IF;
	END IF;
	RETURN NEW;
END;
$dt$ LANGUAGE plpgsql;

CREATE TRIGGER dt BEFORE INSERT ON historia_cen
FOR EACH ROW EXECUTE PROCEDURE dt();

CREATE OR REPLACE FUNCTION dt2() RETURNS TRIGGER AS $dt2$
BEGIN
	IF (SELECT data_zakupow FROM zakupy WHERE id_zakupow = NEW.id_zakupow)
	> NEW.data_reklamacji THEN
		RETURN NULL;
	END IF;
	RETURN NEW;
END;
$dt2$ LANGUAGE plpgsql;

CREATE TRIGGER dt2 BEFORE INSERT ON reklamacje_klientow
FOR EACH ROW EXECUTE PROCEDURE dt2();

CREATE OR REPLACE FUNCTION widelki() RETURNS TRIGGER AS $widelki$
BEGIN
	IF NEW.pensja > (SELECT pensja_max FROM stanowiska WHERE id_stanowiska = NEW.id_stanowiska)
	OR NEW.pensja < (SELECT pensja_min FROM stanowiska WHERE id_stanowiska = NEW.id_stanowiska)
	THEN RETURN NULL;
	END IF;
	
	RETURN NEW; 
END;
$widelki$ LANGUAGE plpgsql;

CREATE TRIGGER widelki BEFORE INSERT ON historia_zatrudnien
FOR EACH ROW EXECUTE PROCEDURE widelki();

CREATE OR REPLACE FUNCTION daty() RETURNS TRIGGER AS $daty$
BEGIN
	IF NEW.data_od < (SELECT MAX(data_do) FROM historia_cen hc
		WHERE hc.id_produktu = NEW.id_produktu AND hc.id_placowki = NEW.id_placowki)
	THEN RAISE EXCEPTION 'Data rozpoczecia ceny, przed zakonczeniem innej';
	END IF;
	RETURN NEW;
END;
$daty$ LANGUAGE plpgsql;

CREATE TRIGGER daty BEFORE INSERT ON historia_cen
FOR EACH ROW EXECUTE PROCEDURE daty();

CREATE OR REPLACE FUNCTION daty2() RETURNS TRIGGER AS $daty2$
BEGIN
	IF NEW.data_zakonczenia < (SELECT MAX(data_zakonczenia) FROM promocje p
		WHERE p.id_produktu = NEW.id_produktu)
	THEN RAISE EXCEPTION 'Nie mozna dodac promocji na ten sam produkt przed zakonczeniem istniejacej';
	END IF;
	RETURN NEW;
END;
$daty2$ LANGUAGE plpgsql;

CREATE TRIGGER daty2 BEFORE INSERT ON promocje
FOR EACH ROW EXECUTE PROCEDURE daty2();

--Funckja zwracajaca kariere osoby w zaleznosci od ID
CREATE OR REPLACE FUNCTION kariera_zawodowa(id INT) 
RETURNS TABLE(id_pracownika int,nazwa VARCHAR, id_placowki int,pensja int,zatrudniony_od date,zatrudniony_do date) AS $$
BEGIN
	RETURN QUERY(SELECT hs.id_pracownika,s.nazwa, hs.id_placowki,hs.pensja, hs.zatrudniony_od, hs.zatrudniony_do 
	FROM historia_zatrudnien hs NATURAL JOIN stanowiska s WHERE hs.id_pracownika = id ORDER BY hs.zatrudniony_od);
END 
$$ LANGUAGE plpgsql;
--Funckja zwracajaca kariere osoby w zaleznosci od imienia i nazwiska
CREATE OR REPLACE FUNCTION kariera_zawodowa2(imiei VARCHAR, nazwiskoi VARCHAR) 
RETURNS TABLE(id_pracownika int,nazwa VARCHAR, id_placowki int,pensja int,zatrudniony_od date,zatrudniony_do date) AS $$
BEGIN
	RETURN QUERY(SELECT hs.id_pracownika,s.nazwa, hs.id_placowki,hs.pensja, hs.zatrudniony_od, hs.zatrudniony_do 
	FROM historia_zatrudnien hs NATURAL JOIN stanowiska s NATURAL JOIN pracownicy p
	WHERE p.imie = imiei AND p.nazwisko = nazwiskoi
	ORDER BY hs.zatrudniony_od);
END 
$$ LANGUAGE plpgsql;
--Funckja zwracajaca pracownikow aktualnie zatrudnionych w danej placowce
CREATE OR REPLACE FUNCTION pracownicy_placowki(id INT) 
RETURNS TABLE(id_pracownika int,imie VARCHAR,nazwisko VARCHAR, nazwa_stanowiska VARCHAR) AS $$
BEGIN
	RETURN QUERY(SELECT p.id_pracownika ,p.imie, p.nazwisko, s.nazwa FROM historia_zatrudnien hz
	NATURAL JOIN pracownicy p NATURAL JOIN stanowiska s 
		WHERE id = hz.id_placowki AND (hz.zatrudniony_do IS NULL OR hz.zatrudniony_do >= NOW())) ;
END;
$$ LANGUAGE plpgsql;
--Funckja zwracajaca pracownikow dawniej zatrudnionych w danej placowce
CREATE OR REPLACE FUNCTION pracownicy_placowki2(id INT) 
RETURNS TABLE(imiei VARCHAR,nazwiskoi VARCHAR, nazwa_stanowiska VARCHAR) AS $$
BEGIN
	RETURN QUERY(SELECT p.imie, p.nazwisko, s.nazwa FROM historia_zatrudnien hz
	NATURAL JOIN pracownicy p NATURAL JOIN stanowiska s 
		WHERE id = hz.id_placowki AND hz.zatrudniony_do <= NOW()) ;
END;
$$ LANGUAGE plpgsql;
--Dla danego produktu wypisuje dostawcow, ktorzy nam go dostarczaja
CREATE OR REPLACE FUNCTION dostawcy_produktu(nazwap VARCHAR) 
RETURNS TABLE(nazwai VARCHAR) AS $$
BEGIN
	RETURN QUERY(SELECT DISTINCT d.nazwa FROM dostawcy d NATURAL JOIN produkty_dostawcy NATURAL JOIN dostepnosc_produktow dp
	JOIN produkty p ON p.id_produktu = dp.id_produktu
		WHERE p.nazwa = nazwap);
END;
$$ LANGUAGE plpgsql;
--Wypiujemy produkty, ktore sa aktualnie objete promocja
CREATE OR REPLACE FUNCTION produkty_promocyjne() 
RETURNS TABLE(id_produktu int,nazwa VARCHAR,znizka NUMERIC) AS $$
BEGIN
	RETURN QUERY(SELECT p.id_produktu,p.nazwa,pr.znizka FROM promocje pr NATURAL JOIN produkty p
		WHERE pr.data_zakonczenia >= NOW());
END;
$$ LANGUAGE plpgsql;
--Dla danej placowki i produktu wypisujemy jego cene z uwzgledniem vatu i promocji, null gdy nie ma produktu
CREATE OR REPLACE FUNCTION produkt_cena(id_prod INT,id_plac INT) 
RETURNS NUMERIC AS $$
DECLARE prom NUMERIC = COALESCE((SELECT pr.znizka FROM promocje pr WHERE id_prod = pr.id_produktu 
	AND pr.data_zakonczenia > NOW()),0);
BEGIN
	RETURN ROUND((SELECT (hc.cena_netto*(100+(SELECT ka.vat FROM kategorie ka WHERE id_kategorii = 
	(SELECT id_kategorii FROM produkty p1 WHERE p1.id_produktu = id_prod)))/100)*(100 - 
	COALESCE(prom,0))/100 
	FROM historia_cen hc 
		WHERE id_prod = hc.id_produktu AND id_plac = hc.id_placowki AND
			NOW() >= hc.data_od AND (data_do IS NULL OR NOW() < data_do)),2);
END;
$$ LANGUAGE plpgsql;
--Funckja wypisujaca dla danej placowki produkty, ktore sie skonczyly, przyjumuje id placowki
CREATE OR REPLACE FUNCTION braki(id_plac INT)
RETURNS TABLE(nazwa VARCHAR) AS $$
BEGIN
	RETURN QUERY(SELECT pr.nazwa FROM dostepnosc_produktow dp JOIN produkty pr
	  ON pr.id_produktu = dp.id_produktu
	  WHERE dp.id_placowki = id_plac AND (dp.ilosc = 0 OR dp.waga = 0));
END;
$$ LANGUAGE plpgsql;
--Funckja wypisujaca klientow posiadajacych aktualnie rabat
CREATE OR REPLACE FUNCTION stali_klienci()
RETURNS TABLE(imie VARCHAR, nazwisko VARCHAR, znizka NUMERIC) AS $$
BEGIN
	RETURN QUERY(SELECT kl.imie, kl.nazwisko, rk.procent
	FROM klienci kl NATURAL JOIN rabaty_klienckie rk 
		WHERE rk.data_waznosci >= NOW());
END;
$$ LANGUAGE plpgsql;
--Funckja wypisuje wszystkie produkty kupione przez danego klienta
CREATE OR REPLACE FUNCTION zakupy_klienta(klient INT)
RETURNS TABLE(nazwai VARCHAR, datai DATE) AS $$
BEGIN
	RETURN QUERY(SELECT pr.nazwa, z.data_zakupow FROM historia_sprzedazy hs
	JOIN zakupy z ON hs.id_zakupow = z.id_zakupow
	JOIN produkty pr ON pr.id_produktu = hs.id_produktu
	WHERE z.id_klienta = klient
	ORDER BY 2);
END;
$$ LANGUAGE plpgsql;
--niepelna Funkcja wypisujaca laczny zarobek placowki od rozpoczecia funckjonowania do zadanej daty
--SELECT hc.cena_netto,helpi.id_produktu,helpi.data_zakupow,helpi.ilosc,helpi.id_klienta FROM historia_cen hc
--JOIN 
--(SELECT id_produktu, data_zakupow,ilosc, id_klienta FROM historia_sprzedazy hs JOIN zakupy z
--			ON z.id_zakupow = hs.id_zakupow 
--				WHERE data_zakupow < NOW() AND z.id_placowki = 1) helpi
--	ON hc.id_produktu = helpi.id_produktu
--WHERE helpi.data_zakupow > hc.data_od AND (hc.data_do IS NULL OR helpi.data_zakupow <= hc.data_do);

INSERT INTO kategorie (id_kategorii, nazwa, vat) VALUES
(1, 'nabial', 5),
(2, 'pieczywo', 5),
(3, 'mieso', 7),
(4, 'produkty zbozowe', 5),
(5, 'napoje', 5),
(6, 'chemia', 7),
(7, 'slodycze', 7),
(8, 'artykuly papiernicze', 23),
(9, 'owoce', 8),
(10, 'warzywa', 8);

INSERT INTO stanowiska (id_stanowiska, nazwa, pensja_min, pensja_max) VALUES
(1, 'kasjer', 1200, 1800),
(2, 'osoba sprzatajaca', 1000, 1300),
(3, 'menager', 2000, 3000),
(4, 'rekrutant', 1600, 2500),
(5, 'ochroniarz', 1800, 2500);

INSERT INTO dostawcy (id_dostawcy, nazwa, email, telefon) VALUES
(1, 'Inter-Wen', 'interwen@gmail.com', 678654676),
(2, 'Makro', 'makro@op.pl', 876543256),
(3, 'Bzomex', 'bzomex@wp.pl', 678555666),
(4, 'Milikicz', 'milikcompany@wp.pl', 661232121),
(5, 'Mikkezo', 'mikkezofirma@gmail.com', 726321123),
(6, 'Sondolow', 'sontolow@vp.pl', 623947291),
(7, 'Maryjusz', 'mariuszkowalski@op.pl', 663231302),
(8, 'Hurtex', 'hurthurtex@gmail.com', 678231984),
(9, 'Bizonur', 'kontakt@bizunur.com', 871032912),
(10, 'Lowcy-Okazji', 'lowcyokazji@inet.pl', 876563821),
(11, 'Mlekowil', 'kontakt@mlekowil.pl', 661231763),
(12, 'Kuzminski', 'dostawy@kuzminski.pl', 682231059),
(13, 'Korwinex', 'korwinex@gmail.com', 661542031),
(14, 'Hazuder', 'hazuderkontakt@wp.pl', 872031321),
(15, 'Swider', 'kontakt@swider.com', 678555666);

INSERT INTO produkty (id_produktu, nazwa, id_kategorii) VALUES
(1, 'mleko', 1),
(2, 'twarog chudy', 1),
(3, 'mleko UHT', 1),
(4, 'smietana', 1),
(5, 'smietanka UHT', 1),
(6, 'twarog poltlusty', 1),
(7, 'twarog tlusty', 1),
(8, 'kefir', 1),
(9, 'maslanka', 1),
(10, 'jogurt truskawkowy', 1),
(11, 'jogurt wisniowy', 1),
(12, 'deser korona', 1),
(13, 'serek homogenizowany', 1),
(14, 'bita smietana', 1),
(15, 'jaja opakowanie srednie', 1),
(16, 'awokado', 10),
(17, 'baton mars', 7),
(18, 'serek wiejski', 1),
(19, 'jaja opakowanie duze', 1),
(20, 'chleb duzy ciemny', 2),
(21, 'cheb duzy pszenno-zytni', 2),
(22, 'chleb maly pszenno-zytni', 2),
(23, 'chleb wiejski', 2),
(24, 'bulka kajzerja', 2),
(25, 'bulka poznanska', 2),
(26, 'bulka z dynia', 2),
(27, 'bulka ciemna', 2),
(28, 'chleb tostowy', 2),
(29, 'bagietka', 2),
(30, 'opakowanie bulek hot-dog', 2),
(31, 'bulka tarta', 2),
(32, 'karzcek wieprzowy bez kosci', 3),
(33, 'soczysty schab', 3),
(34, 'boczek wieprzowy', 3),
(35, 'lopatka wieprzowa', 3),
(36, 'kielbasa meksykanska', 3),
(37, 'szynka wieprzowa', 3),
(38, 'wolowina stek', 3),
(39, 'burger wolowy', 3),
(40, 'mielona wieprzowina', 3),
(41, 'udziec wolowy', 3),
(42, 'mieso wolowe mielone', 3),
(43, 'cwiartka z kurczaka', 3),
(44, 'filet z piersi kurczaka', 3),
(45, 'filet z piersi indyka', 3),
(46, 'filet z uda kurczaka kurczaka', 3),
(47, 'kurczak', 3),
(48, 'poledwiczki z kurczaka', 3),
(49, 'udo z kurczaka', 3),
(50, 'steki z indyka', 3),
(51, 'watroba z indyka', 3),
(52, 'porcja kulinarna z kaczki', 3),
(53, 'Mąka tortowa', 4),
(54, 'Mąka zytnia', 4),
(55, 'Mąka kukurydziana', 4),
(56, 'Makaron swiderki', 4),
(57, 'Makaron Spaghetti', 4),
(58, 'Makaron nitki', 4),
(59, 'Makaron kolanka', 4),
(60, 'Makaron pelne ziarno swiderki', 4),
(61, 'Ryz bialy dlugi', 4),
(62, 'Ryz basmati', 4),
(63, 'Ryz dziki', 4),
(64, 'Kasza jaglana', 4),
(65, 'Kasza jęczmienna', 4),
(66, 'Kaczka', 3),
(67, 'Kasza gryczana', 4),
(68, 'Kasza kuskus', 4),
(69, 'coca-cola puszka', 5),
(70, 'fanta puszka', 5),
(71, 'woda mineralna 0,5l niegazowana', 5),
(72, 'woda mineralna 0,5l gazowana', 5),
(73, 'woda mineralna 1,5l niegazowana', 5),
(74, 'woda mineralna 1,5l gazowana', 5),
(75, 'sok 1l grejpfrutowy', 5),
(76, 'sok 1l czarna porzeczka', 5),
(77, 'sok 1l pomarańczowy', 5),
(78, 'sok 1l jabłkowy', 5),
(79, 'coca-cola 1l', 5),
(80, 'fanta 1l', 5),
(81, 'sprite 1l', 5),
(82, 'coca-cola 2l', 5),
(83, 'fanta 2l', 5),
(84, 'sprite 2l', 5),
(85, 'tonic 1l', 5),
(86, 'tonic 2l', 5),
(87, 'plyn do mycia toalet', 6),
(88, 'plyn do mycia naczyn', 6),
(89, 'plyn do mycia lazienek', 6),
(90, 'odswiezacz powietza', 6),
(91, 'szampon meski', 6),
(92, 'szampon damski', 6),
(93, 'odzywka do wlosow', 6),
(94, 'zel pod prysznic meski', 6),
(95, 'zel pod prysznic damski', 6),
(96, 'pasta do mycia zebow', 6),
(97, 'szczoteczka do mycia zebow', 6),
(98, 'mydlo w plynie', 6),
(99, 'mydlo w kostce', 6),
(100, 'opakowanie gabek', 6),
(101, 'worki na odpady', 6),
(102, 'pianka do golenia', 6),
(103, 'maszynka jednorazowa', 6),
(104, 'antyperspirant meski', 6),
(105, 'antyperspirant damski', 6),
(106, 'baton twix', 7),
(107, 'baton lion', 7),
(108, 'baton kit-kat', 7),
(109, 'baton snickers', 7),
(110, 'baton patolus', 7),
(111, 'wafelek prince-polo', 7),
(112, 'wafelek princessa', 7),
(113, 'czekolada mleczna', 7),
(114, 'czekolada gorzka', 7),
(115, 'czekolada z orzechamia', 7),
(116, 'cukierki kawowe', 7),
(117, 'cukierki ice', 7),
(118, 'gumy do zucia owocowe', 7),
(119, 'gumy do zucia mietowe', 7),
(120, 'wafle smietankowe', 7),
(121, 'pierniki', 7),
(122, 'zeszyt w linie 60k', 8),
(123, 'zeszyt w linie 100k', 8),
(124, 'zeszyt w kratke 60k', 8),
(125, 'zeszyt w kratke 100k', 8),
(126, 'klej szkolny w sztyfcie', 8),
(127, 'nozyczki', 8),
(128, 'blok kolorowy', 8),
(129, 'blok techniczny', 8),
(130, 'brzoskwinie', 9), 
(131, 'nektartynki', 9),
(132, 'winogrona', 9),
(133, 'cytryny', 9),
(134, 'pomarancze', 9),
(135, 'grejpfruty', 9), 
(136, 'jablka zielone', 9),
(137, 'jablka polskie', 9),
(138, 'gruszki', 9),   
(139, 'arbuzy', 9),   
(140, 'ziemniaki', 10),   
(141, 'cebula', 10),
(142, 'buraki', 10),
(143, 'papryka', 10),
(144, 'ogorek', 10),
(145, 'pomidor', 10),
(146, 'kalafior', 10),
(147, 'cukinia', 10),     
(148, 'marchew', 10),    
(149, 'pietruszka', 10),                      
(150, 'brokul', 10);

INSERT INTO promocje (id_produktu, znizka, data_zakonczenia) VALUES
(1, 2, '2016-01-02'),
(3, 14, '2015-01-19'),
(4, 10, '2014-10-09'),
(25, 13, '2014-09-19'),
(29, 17, '2016-09-09'),
(31, 25, '2017-01-29'),
(32, 33, '2016-07-03'),
(43, 25, '2015-01-05'),
(46, 20, '2016-06-05'),
(52, 10, '2015-01-09'),
(57, 5, '2016-06-06'),
(59, 9, '2015-01-08'),
(67, 13, '2016-01-01'),
(69, 9, '2014-01-09'),
(70, 5, '2014-01-01'),
(77, 14, '2015-11-09'),
(83, 22, '2014-03-01'),
(93, 14, '2015-04-03'),
(97, 51, '2014-05-09'),
(99, 33, '2015-05-02');



INSERT INTO klienci (id_klienta, email, imie, nazwisko) VALUES
(1, 'adamnowak@gmail.com', 'Adam', 'Nowak'),
(2, 'marianowak@gmail.com', 'Maria', 'Nowak'),
(3, 'alicja123@gmail.com', 'Alicja', 'Makowicz'),
(4, 'ela270@gmail.com', 'Elzbieta', 'Kowal'),
(5, 'kubadar@gmail.com', 'Jakub', 'Darisz'),
(6, 'magda777@gmail.com', 'Magdalena', 'Warka'),
(7, 'knapir@gmail.com', 'Krysian', 'Napir'),
(8, 'mkowalska@gmail.com', 'Malgorzata', 'Kowalska'),
(9, 'rafalc@gmail.com', 'Rafal', 'Czarny'),
(10, 'knocny@gmail.com', 'Krzysztof', 'Nocny'),
(11, 'juliakalisz@gmail.com', 'Julia', 'Kalisz'),
(12, 'sebastiann@gmail.com', 'Sebastian', 'Nowak'),
(13, 'mmakowicz@gmail.com', 'Mateusz', 'Makowicz'),
(14, 'tomkowal@gmail.com', 'Tomasz', 'Kowal'),
(15, 'kasiad@gmail.com', 'Katarzyna', 'Darisz'),
(16, 'jwarka@gmail.com', 'Jakub', 'Warka'),
(17, 'mnapir@gmail.com', 'Maciej', 'Napir'),
(18, 'wojtekk@gmail.com', 'Wojcech', 'Kowalki'),
(19, 'dawid123@gmail.com', 'Dawid', 'Czarny'),
(21, 'arek999@gmail.com', 'Arkadiusz', 'Kalisz'),
(22, 'marcin000@gmail.com', 'Marcin', 'Tokarz'),
(23, 'mateusz456@gmail.com', 'Mateusz', 'Rajtar'),
(24, 'tobyczek999@gmail.com', 'Tomasz', 'Byczek'),
(25, 'kasia444@gmail.com', 'Katarzyna', 'Grzybowska'),
(26, 'juchwat@gmail.com', 'Jakub', 'Uchwat'),
(27, 'maciek88@gmail.com', 'Maciej', 'Palenica'),
(28, 'wmader@gmail.com', 'Wojcech', 'Mader'),
(29, 'dczarny@gmail.com', 'Dawid', 'Czarny'),
(30, 'klaudiam@op.pl', 'Klaudia', 'Marek');

INSERT INTO rabaty_klienckie(id_rabatu, id_klienta, data_waznosci, procent) VALUES
(1, 1, '2016-09-21', 5),
(2, 3, '2017-06-22', 4),
(3, 5, '2016-09-22', 7),
(4, 6, '2016-09-20', 10),
(5, 7, '2017-01-20', 3),
(6, 9, '2016-09-25', 6),
(7, 1, '2016-07-20', 7),
(8, 3, '2016-09-20', 9),
(9, 10, '2017-01-26', 8),
(10, 14, '2016-09-20', 2),
(11, 8, '2016-08-20', 4),
(12, 19, '2016-09-23', 10),
(13, 21, '2016-10-20', 3),
(14, 13, '2016-09-20', 5),
(15, 10, '2017-02-25', 5),
(16, 11, '2016-09-20', 4),
(17, 11, '2016-10-28', 5),
(18, 14, '2017-03-12', 2),
(19, 16, '2016-09-20', 5),
(20, 17, '2016-11-14', 6);

INSERT INTO pracownicy(id_pracownika, imie, nazwisko, nr_rachunku_bankowego) VALUES
(1, 'Edward', 'Stach', 12345367838903765378927384),
(2, 'Jakub', 'Kuba', 12345678389037333337777784),
(3, 'Marcin', 'Kozierski', 12888886666603765378927384),
(4, 'Dawid', 'Lukasz', 12399999999777765378927384),
(5, 'Jerzy', 'Staniszewski', 12222227777703765378927384),
(6, 'Magdalena', 'Nowak', 12111117775503765378927384),
(7, 'Agata', 'Dymel', 13772266443303765378927384),
(8, 'Aleksandra', 'Malek', 12300000077783765378927384),
(9, 'Joanna', 'Marcin', 12345678111117776678927384),
(10, 'Weronika', 'Podgrzybek', 12345677654345678537892738),
(11, 'Piotr', 'Uchwyt', 12345678382653672839273843),
(12, 'Rafal', 'Krowek', 12345678389191919191927384),
(13, 'Mateusz', 'Stanisz', 12345678389191919293992738),
(14, 'Daniel', 'Stobierski', 34567838903030303030303384),
(15, 'Mikolaj', 'Tatula', 73849203948271829304999999),
(16, 'Alicja', 'Deka', 11111888883737373828999999),
(17, 'Gabriela', 'Tokarz', 22222737373747475656562223),
(18, 'Ewa', 'Wachowicz', 99999991111222282838484777),
(19, 'Ewelina', 'Zielinska', 19293949333333399999282811),
(20, 'Daria', 'Salamon', 93949293949291949302933344),
(21, 'Monika', 'Grosicka', 11117777666252525252678987),
(22, 'Tomasz', 'Pazdan', 93949592839405938495829384),
(23, 'Mateusz', 'Lewandowski', 99304938273849283746177772),
(24, 'Adam', 'Milik', 92938472839482738490532344),
(25, 'Edward', 'Koziol', 11828394039283940392839203),
(26, 'Pawel', 'Pitrus', 18273829182837492839482738),
(27, 'Ewa', 'Kaczka', 18293847289384728394838273),
(28, 'Edward', 'Siwiec', 31234567838903765929384938),
(29, 'Daria', 'Kowalski', 22345678389283945069890987),
(30, 'Monika', 'Dabek', 11112839439037653789273843);

INSERT INTO placowki(id_placowki, wlasciciel, adres) VALUES
(1, 'Adam Kowal', 'ul.Kapelanka 42'),
(2, 'Agata Nowak', 'ul.Opolska 2'),
(3, 'Jakub Dudzik', 'ul.Wilcza 22');



INSERT INTO premie (id_pracownika, wysokosc_premii, data_przyznania) VALUES
(1, 200, '2010-09-08'),
(2, 400, '2010-09-08'),
(3, 400, '2010-09-08'),
(4, 500, '2010-09-08'),
(5, 200, '2010-09-08'),
(6, 200, '2010-09-08'),
(7, 100, '2010-09-08'),
(8, 200, '2011-03-01'),
(9, 300, '2011-05-08'),
(10, 200, '2015-05-01'),
(11, 200, '2010-09-08'),
(12, 400, '2010-05-03'),
(13, 200, '2014-09-08'),
(14, 500, '2010-09-08'),
(15, 200, '2015-02-08'),
(16, 200, '2010-09-03'),
(17, 100, '2016-07-08'),
(18, 250, '2010-09-08'),
(19, 200, '2010-09-08'),
(20, 200, '2015-09-08'),
(21, 200, '2010-06-08'),
(22, 400, '2015-09-08'),
(23, 200, '2014-11-02'),
(24, 200, '2010-09-08'),
(25, 200, '2012-12-03'),
(26, 600, '2010-09-08'),
(27, 200, '2010-10-04'),
(28, 300, '2010-09-08'),
(9, 200, '2012-11-05'),
(3, 400, '2010-09-08'),
(1, 200, '2012-09-08'),
(2, 600, '2010-01-05'),
(3, 200, '2013-09-08'),
(4, 200, '2010-02-02'),
(3, 100, '2013-09-02'),
(16, 200, '2010-09-05'),
(27, 100, '2015-09-08'),
(18, 200, '2010-09-06'),
(29, 100, '2015-09-08'),
(1, 200, '2010-09-08'),
(2, 200, '2015-09-08'),
(22, 100, '2010-09-08'),
(15, 200, '2015-09-18'),
(17, 200, '2010-09-08'),
(17, 100, '2015-09-18'),
(8, 200, '2010-09-08'),
(19, 100, '20105-09-06'),
(15, 200, '2010-09-08'),
(22, 200, '2014-09-05'),
(26, 100, '2010-09-03'),
(21, 200, '2013-09-18'),
(6, 300, '2011-09-22');

INSERT INTO historia_zatrudnien (id_pracownika, id_stanowiska, id_placowki, pensja, zatrudniony_od, zatrudniony_do) VALUES
(1, 1, 1, 1500, '2010-09-10', '2015-01-04'),
(2, 1, 1, 1550, '2011-09-11', '2017-01-01'),
(3, 1, 1, 1650, '2013-05-13', '2017-01-01'),
(4, 1, 1, 1700, '2015-06-10', '2017-01-01'),
(5, 1, 1, 1750, '2016-05-15', '2017-01-01'),
(6, 1, 1, 1400, '2015-09-10', '2017-01-01'),
(7, 1, 1, 1200, '2013-03-14', '2017-01-01'),
(8, 1, 2, 1250, '2010-09-13', '2013-01-01'),
(9, 1, 2, 1300, '2010-09-10', '2017-01-01'),
(10, 1, 2, 1350, '2010-09-10', '2014-01-05'),
(11, 1, 2, 1550, '2010-09-13', '2017-01-01'),
(12, 1, 1, 1300, '2012-09-10', '2017-01-01'),
(13, 1, 1, 1200, '2015-04-10', '2017-01-01'),
(14, 1, 2, 1300, '2014-09-10', '2017-01-01'),
(15, 1, 2, 1500, '2014-03-14', '2017-01-01'),
(16, 1, 3, 1300, '2010-09-10', '2017-01-01'),
(17, 1, 3, 1200, '2013-05-10', '2017-01-01'),
(18, 1, 3, 1400, '2010-09-13', '2017-01-01'),
(19, 1, 3, 1500, '2013-05-10', '2017-01-01'),
(20, 1, 3, 1600, '2013-09-10', '2017-01-01'),
(21, 2, 1, 100, '2010-05-10', '2017-01-01'),
(22, 2, 2, 1100, '2010-09-10', '2017-01-01'),
(23, 2, 3, 1100, '2010-05-10', '2017-01-01'),
(24, 3, 1, 2100, '2010-09-11', '2017-01-01'),
(25, 3, 2, 2200, '2013-03-10', '2017-01-01'),
(26, 3, 3, 2250, '2014-09-12', '2017-01-01'),
(27, 4, 1, 1800, '2014-04-10', '2017-01-01'),
(10, 4, 2, 1750, '2014-01-05', '2017-01-01'),
(8, 4, 3, 1800, '2013-01-01', '2017-01-01'),
(28, 5, 1, 1850, '2015-05-13', '2017-01-01'),
(29, 5, 2, 1900, '2014-09-10', '2017-01-01'),
(30, 5, 3, 1800, '2010-04-13', '2017-01-01');

INSERT INTO zakupy (id_zakupow, data_zakupow, id_klienta, id_placowki) VALUES
(1, '2010-01-01', 1, 1),
(2, '2010-01-02', 30, 1),
(3, '2010-01-02', 21, 2),
(4, '2010-01-03', 17, 1),
(5, '2010-01-05', 16, 3),
(6, '2010-01-06', 15, 1),
(7, '2010-01-07', 14, 2),
(8, '2010-02-01', 14, 3),
(9, '2010-02-05', 21, 1),
(10, '2010-02-06', 1, 1),
(11, '2010-02-06', 15, 2),
(12, '2010-02-06', 14, 1),
(13, '2010-02-09', 1, 1),
(14, '2010-02-08', 1, 2),
(15, '2010-02-08', 25, 1),
(16, '2010-02-12', 1, 3),
(17, '2010-02-13', 1, 1),
(18, '2010-02-11', 24, 3),
(19, '2010-03-03', 1, 1),
(20, '2010-03-04', 2, 1),
(21, '2010-05-04', 1, 3),
(22, '2010-05-05', 11, 1),
(23, '2010-05-06', 1, 3),
(24, '2010-07-07', 30, 1),
(25, '2010-07-01', 1, 1),
(26, '2010-07-01', 22, 1),
(27, '2010-08-01', 1, 2),
(28, '2010-09-01', 1, 1),
(29, '2010-10-03', 11, 1),
(30, '2011-01-03', 1, 3),
(31, '2011-04-03', 12, 3),
(32, '2011-07-04', 1, 2),
(33, '2011-07-04', 27, 1),
(34, '2011-08-04', 1, 2),
(35, '2011-09-05', 25, 2),
(36, '2012-08-05', 1, 1),
(37, '2013-04-07', 24, 3),
(38, '2013-04-07', 23, 2),
(39, '2013-04-01', 1, 1),
(40, '2013-04-07', 22, 1),
(41, '2013-05-08', 19, 3),
(42, '2014-05-08', 16, 2),
(43, '2014-05-01', 16, 1),
(44, '2014-05-11', 15, 2),
(45, '2014-06-14', 14, 2),
(46, '2014-06-01', 13, 1),
(47, '2014-06-13', 22, 3),
(48, '2014-07-12', 28, 1),
(49, '2014-07-11', 1, 1),
(50, '2014-07-01', 25, 2),
(51, '2014-07-15', 1, 2),
(52, '2014-08-01', 1, 1),
(53, '2014-08-01', 22, 1),
(54, '2014-08-17', 1, 1),
(55, '2014-08-01', 1, 1),
(56, '2014-08-19', 21, 2),
(57, '2014-08-11', 1, 1),
(58, '2014-09-01', 1, 1),
(59, '2014-09-01', 30, 2),
(60, '2014-09-11', 1, 1),
(61, '2014-10-21', 10, 1),
(62, '2014-10-22', 1, 1),
(63, '2014-11-22', 1, 2),
(64, '2014-12-01', 10, 1),
(65, '2014-12-01', 9, 1),
(66, '2015-01-22', 1, 3),
(67, '2015-02-01', 1, 1),
(68, '2015-02-01', 8, 1),
(69, '2015-03-12', 1, 2),
(70, '2015-03-14', 1, 2),
(71, '2015-03-11', 7, 1),
(72, '2015-03-01', 1, 1),
(73, '2015-04-01', 1, 3),
(74, '2015-04-01', 1, 1),
(75, '2015-04-01', 1, 1),
(76, '2015-05-01', 7, 2),
(77, '2015-05-01', 1, 2),
(78, '2015-05-01', 6, 1),
(79, '2015-05-04', 1, 3),
(80, '2015-05-04', 6, 1),
(81, '2015-05-08', 1, 2),
(82, '2015-06-08', 1, 1),
(83, '2015-07-01', 5, 1),
(84, '2015-08-09', 4, 1),
(85, '2015-08-01', 1, 2),
(86, '2015-08-09', 1, 2),
(87, '2015-09-01', 1, 1),
(88, '2015-09-05', 16, 1),
(89, '2015-09-05', 15, 3),
(90, '2015-10-04', 11, 1),
(91, '2015-10-01', 27, 3),
(92, '2015-11-01', 23, 1),
(93, '2015-12-01', 23, 3),
(94, '2015-11-04', 22, 1),
(95, '2016-03-01', 21, 1),
(96, '2016-03-04', 15, 1),
(97, '2016-04-01', 15, 3),
(98, '2016-05-03', 13, 3),
(99, '2016-05-01', 12, 1),
(100, '2016-05-01', 11, 1);

INSERT INTO data_przydatnosci (numer_serii, data_przydatnosci, id_produktu) VALUES
(1000101, '2016-06-22', 1),
(1000201, '2016-06-28', 2),
(1000301, '2016-06-25', 3),
(1000401, '2016-06-21', 4),
(1000501, '2016-06-30', 5),
(1000601, '2016-06-25', 6),
(1000701, '2016-06-29', 7),
(1000801, '2016-06-29', 8),
(1000901, '2016-06-23', 9),
(1001001, '2016-06-25', 10),
(1001101, '2016-06-26', 11),
(1001201, '2016-06-26', 12),
(1001301, '2016-06-22', 13),
(1001401, '2016-06-28', 14),
(1001501, '2016-06-22', 15),
(1001601, '2016-06-22', 16),
(1001701, '2016-06-26', 17),
(1001801, '2016-06-23', 18),
(1001901, '2016-06-28', 19),
(1002001, '2016-06-17', 20),
(1002101, '2016-06-18', 21),
(1002201, '2016-06-17', 22),
(1002301, '2016-06-17', 23),
(1002401, '2016-06-18', 24),
(1002501, '2016-06-17', 25),
(1002601, '2016-06-17', 26),
(1002701, '2016-06-18', 27),
(1002801, '2016-06-17', 28),
(1002901, '2016-06-17', 29),
(1003001, '2016-06-18', 30),
(1003101, '2019-03-04', 31),
(1003201, '2016-06-28', 32),
(1003301, '2016-06-27', 33),
(1003401, '2016-06-22', 34),
(1003501, '2016-06-29', 35),
(1003601, '2016-06-30', 36),
(1003701, '2016-06-23', 37),
(1003801, '2016-06-28', 38),
(1003901, '2016-06-30', 39),
(1004001, '2016-06-26', 40),
(1004101, '2016-06-25', 41),
(1004201, '2016-06-24', 42),
(1004301, '2016-06-22', 43),
(1004401, '2016-06-23', 44),
(1004501, '2016-06-24', 45),
(1004601, '2016-06-24', 46),
(1004701, '2016-06-25', 47),
(1004801, '2016-06-22', 48),
(1004901, '2016-06-22', 49),
(1005001, '2016-06-24', 50),
(1005101, '2016-06-29', 51),
(1005201, '2016-06-28', 52),
(1005301, '2024-11-24', 53),
(1005401, '2020-08-04', 54),
(1005501, '2025-02-22', 55),
(1005601, '2017-12-05', 56),
(1005701, '2023-01-07', 57),
(1005801, '2021-03-23', 58),
(1005901, '2022-03-23', 59),
(1006001, '2017-10-15', 60),
(1006101, '2018-07-15', 61),
(1006201, '2026-09-13', 62),
(1006301, '2021-01-15', 63),
(1006401, '2023-09-19', 64),
(1006501, '2025-12-06', 65),
(1006601, '2023-04-16', 66),
(1006701, '2025-06-11', 67),
(1006801, '2026-07-27', 68),
(1006901, '2022-10-18', 69),
(1007001, '2021-07-23', 70),
(1007101, '2023-10-22', 71),
(1007201, '2018-07-03', 72),
(1007301, '2019-09-18', 73),
(1007401, '2024-10-07', 74),
(1007501, '2019-10-22', 75),
(1007601, '2018-07-11', 76),
(1007701, '2024-12-07', 77),
(1007801, '2018-11-04', 78),
(1007901, '2017-03-11', 79),
(1008001, '2023-05-13', 80),
(1008101, '2018-04-02', 81),
(1008201, '2024-10-26', 82),
(1008301, '2020-10-03', 83),
(1008401, '2026-06-15', 84),
(1008501, '2025-06-12', 85),
(1008601, '2023-11-24', 86),
(1008701, '2025-10-17', 87),
(1008801, '2019-12-10', 88),
(1008901, '2026-11-09', 89),
(1009001, '2025-06-04', 90),
(1009101, '2018-08-04', 91),
(1009201, '2018-03-12', 92),
(1009301, '2017-03-03', 93),
(1009401, '2025-10-07', 94),
(1009501, '2021-01-07', 95),
(1009601, '2020-07-20', 96),
(1009701, '2025-07-02', 97),
(1009801, '2024-09-16', 98),
(1009901, '2020-09-09', 99),
(1010001, '2024-08-25', 100),
(1010101, '2024-07-19', 101),
(1010201, '2026-11-26', 102),
(1010301, '2018-12-03', 103),
(1010401, '2026-06-27', 104),
(1010501, '2020-11-21', 105),
(1010601, '2021-05-15', 106),
(1010701, '2019-02-21', 107),
(1010801, '2020-02-10', 108),
(1010901, '2024-08-07', 109),
(1011001, '2025-12-20', 110),
(1011101, '2025-07-10', 111),
(1011201, '2025-09-07', 112),
(1011301, '2025-06-27', 113),
(1011401, '2019-02-11', 114),
(1011501, '2019-11-25', 115),
(1011601, '2017-12-18', 116),
(1011701, '2018-03-12', 117),
(1011801, '2023-05-25', 118),
(1011901, '2021-03-10', 119),
(1012001, '2025-04-27', 120),
(1012101, '2023-11-21', 121),
(1012201, '2038-06-03', 122),
(1012301, '2035-01-01', 123),
(1012401, '2031-07-12', 124),
(1012501, '2038-02-22', 125),
(1012601, '2031-01-21', 126),
(1012701, '2031-12-09', 127),
(1012801, '2032-03-09', 128),
(1012901, '2037-06-05', 129),
(1013001, '2016-06-22', 130),
(1013101, '2016-06-30', 131),
(1013201, '2016-06-26', 132),
(1013301, '2016-06-24', 133),
(1013401, '2016-06-23', 134),
(1013501, '2016-06-26', 135),
(1013601, '2016-06-23', 136),
(1013701, '2016-06-26', 137),
(1013801, '2016-06-29', 138),
(1013901, '2016-06-27', 139),
(1014001, '2016-06-28', 140),
(1014101, '2016-06-28', 141),
(1014201, '2016-06-23', 142),
(1014301, '2016-06-23', 143),
(1014401, '2016-06-30', 144),
(1014501, '2016-06-25', 145),
(1014601, '2016-06-22', 146),
(1014701, '2016-06-30', 147),
(1014801, '2016-06-27', 148),
(1014901, '2016-06-30', 149),
(1015001, '2016-06-29', 150),
(2000101, '2016-06-22', 1),
(2000201, '2016-06-28', 2),
(2000301, '2016-06-25', 3),
(2000401, '2016-06-21', 4),
(2000501, '2016-06-30', 5),
(2000601, '2016-06-25', 6),
(2000701, '2016-06-29', 7),
(2000801, '2016-06-29', 8),
(2000901, '2016-06-23', 9),
(2001001, '2016-06-25', 10),
(2001101, '2016-06-26', 11),
(2001201, '2016-06-26', 12),
(2001301, '2016-06-22', 13),
(2001401, '2016-06-28', 14),
(2001501, '2016-06-22', 15),
(2001601, '2016-06-22', 16),
(2001701, '2016-06-26', 17),
(2001801, '2016-06-23', 18),
(2001901, '2016-06-28', 19),
(2002001, '2016-06-17', 20),
(2002101, '2016-06-18', 21),
(2002201, '2016-06-17', 22),
(2002301, '2016-06-17', 23),
(2002401, '2016-06-18', 24),
(2002501, '2016-06-17', 25),
(2002601, '2016-06-17', 26),
(2002701, '2016-06-18', 27),
(2002801, '2016-06-17', 28),
(2002901, '2016-06-17', 29),
(2003001, '2016-06-18', 30),
(2003101, '2019-03-04', 31),
(2003201, '2016-06-28', 32),
(2003301, '2016-06-27', 33),
(2003401, '2016-06-22', 34),
(2003501, '2016-06-29', 35),
(2003601, '2016-06-30', 36),
(2003701, '2016-06-23', 37),
(2003801, '2016-06-28', 38),
(2003901, '2016-06-30', 39),
(2004001, '2016-06-26', 40),
(2004101, '2016-06-25', 41),
(2004201, '2016-06-24', 42),
(2004301, '2016-06-22', 43),
(2004401, '2016-06-23', 44),
(2004501, '2016-06-24', 45),
(2004601, '2016-06-24', 46),
(2004701, '2016-06-25', 47),
(2004801, '2016-06-22', 48),
(2004901, '2016-06-22', 49),
(2005001, '2016-06-24', 50),
(2005101, '2016-06-29', 51),
(2005201, '2016-06-28', 52),
(2005301, '2024-11-24', 53),
(2005401, '2020-08-04', 54),
(2005501, '2025-02-22', 55),
(2005601, '2017-12-05', 56),
(2005701, '2023-01-07', 57),
(2005801, '2021-03-23', 58),
(2005901, '2022-03-23', 59),
(2006001, '2017-10-15', 60),
(2006101, '2018-07-15', 61),
(2006201, '2026-09-13', 62),
(2006301, '2021-01-15', 63),
(2006401, '2023-09-19', 64),
(2006501, '2025-12-06', 65),
(2006601, '2023-04-16', 66),
(2006701, '2025-06-11', 67),
(2006801, '2026-07-27', 68),
(2006901, '2022-10-18', 69),
(2007001, '2021-07-23', 70),
(2007101, '2023-10-22', 71),
(2007201, '2018-07-03', 72),
(2007301, '2019-09-18', 73),
(2007401, '2024-10-07', 74),
(2007501, '2019-10-22', 75),
(2007601, '2018-07-11', 76),
(2007701, '2024-12-07', 77),
(2007801, '2018-11-04', 78),
(2007901, '2017-03-11', 79),
(2008001, '2023-05-13', 80),
(2008101, '2018-04-02', 81),
(2008201, '2024-10-26', 82),
(2008301, '2020-10-03', 83),
(2008401, '2026-06-15', 84),
(2008501, '2025-06-12', 85),
(2008601, '2023-11-24', 86),
(2008701, '2025-10-17', 87),
(2008801, '2019-12-10', 88),
(2008901, '2026-11-09', 89),
(2009001, '2025-06-04', 90),
(2009101, '2018-08-04', 91),
(2009201, '2018-03-12', 92),
(2009301, '2017-03-03', 93),
(2009401, '2025-10-07', 94),
(2009501, '2021-01-07', 95),
(2009601, '2020-07-20', 96),
(2009701, '2025-07-02', 97),
(2009801, '2024-09-16', 98),
(2009901, '2020-09-09', 99),
(2010001, '2024-08-25', 100),
(2010101, '2024-07-19', 101),
(2010201, '2026-11-26', 102),
(2010301, '2018-12-03', 103),
(2010401, '2026-06-27', 104),
(2010501, '2020-11-21', 105),
(2010601, '2021-05-15', 106),
(2010701, '2019-02-21', 107),
(2010801, '2020-02-10', 108),
(2010901, '2024-08-07', 109),
(2011001, '2025-12-20', 110),
(2011101, '2025-07-10', 111),
(2011201, '2025-09-07', 112),
(2011301, '2025-06-27', 113),
(2011401, '2019-02-11', 114),
(2011501, '2019-11-25', 115),
(2011601, '2017-12-18', 116),
(2011701, '2018-03-12', 117),
(2011801, '2023-05-25', 118),
(2011901, '2021-03-10', 119),
(2012001, '2025-04-27', 120),
(2012101, '2023-11-21', 121),
(2012201, '2038-06-03', 122),
(2012301, '2035-01-01', 123),
(2012401, '2031-07-12', 124),
(2012501, '2038-02-22', 125),
(2012601, '2031-01-21', 126),
(2012701, '2031-12-09', 127),
(2012801, '2032-03-09', 128),
(2012901, '2037-06-05', 129),
(2013001, '2016-06-22', 130),
(2013101, '2016-06-30', 131),
(2013201, '2016-06-26', 132),
(2013301, '2016-06-24', 133),
(2013401, '2016-06-23', 134),
(2013501, '2016-06-26', 135),
(2013601, '2016-06-23', 136),
(2013701, '2016-06-26', 137),
(2013801, '2016-06-29', 138),
(2013901, '2016-06-27', 139),
(2014001, '2016-06-28', 140),
(2014101, '2016-06-28', 141),
(2014201, '2016-06-23', 142),
(2014301, '2016-06-23', 143),
(2014401, '2016-06-30', 144),
(2014501, '2016-06-25', 145),
(2014601, '2016-06-22', 146),
(2014701, '2016-06-30', 147),
(2014801, '2016-06-27', 148),
(2014901, '2016-06-30', 149),
(2015001, '2016-06-29', 150),
(3000101, '2016-06-22', 1),
(3000201, '2016-06-28', 2),
(3000301, '2016-06-25', 3),
(3000401, '2016-06-21', 4),
(3000501, '2016-06-30', 5),
(3000601, '2016-06-25', 6),
(3000701, '2016-06-29', 7),
(3000801, '2016-06-29', 8),
(3000901, '2016-06-23', 9),
(3001001, '2016-06-25', 10),
(3001101, '2016-06-26', 11),
(3001201, '2016-06-26', 12),
(3001301, '2016-06-22', 13),
(3001401, '2016-06-28', 14),
(3001501, '2016-06-22', 15),
(3001601, '2016-06-22', 16),
(3001701, '2016-06-26', 17),
(3001801, '2016-06-23', 18),
(3001901, '2016-06-28', 19),
(3002001, '2016-06-17', 20),
(3002101, '2016-06-18', 21),
(3002201, '2016-06-17', 22),
(3002301, '2016-06-17', 23),
(3002401, '2016-06-18', 24),
(3002501, '2016-06-17', 25),
(3002601, '2016-06-17', 26),
(3002701, '2016-06-18', 27),
(3002801, '2016-06-17', 28),
(3002901, '2016-06-17', 29),
(3003001, '2016-06-18', 30),
(3003101, '2019-03-04', 31),
(3003201, '2016-06-28', 32),
(3003301, '2016-06-27', 33),
(3003401, '2016-06-22', 34),
(3003501, '2016-06-29', 35),
(3003601, '2016-06-30', 36),
(3003701, '2016-06-23', 37),
(3003801, '2016-06-28', 38),
(3003901, '2016-06-30', 39),
(3004001, '2016-06-26', 40),
(3004101, '2016-06-25', 41),
(3004201, '2016-06-24', 42),
(3004301, '2016-06-22', 43),
(3004401, '2016-06-23', 44),
(3004501, '2016-06-24', 45),
(3004601, '2016-06-24', 46),
(3004701, '2016-06-25', 47),
(3004801, '2016-06-22', 48),
(3004901, '2016-06-22', 49),
(3005001, '2016-06-24', 50),
(3005101, '2016-06-29', 51),
(3005201, '2016-06-28', 52),
(3005301, '2024-11-24', 53),
(3005401, '2020-08-04', 54),
(3005501, '2025-02-22', 55),
(3005601, '2017-12-05', 56),
(3005701, '2023-01-07', 57),
(3005801, '2021-03-23', 58),
(3005901, '2022-03-23', 59),
(3006001, '2017-10-15', 60),
(3006101, '2018-07-15', 61),
(3006201, '2026-09-13', 62),
(3006301, '2021-01-15', 63),
(3006401, '2023-09-19', 64),
(3006501, '2025-12-06', 65),
(3006601, '2023-04-16', 66),
(3006701, '2025-06-11', 67),
(3006801, '2026-07-27', 68),
(3006901, '2022-10-18', 69),
(3007001, '2021-07-23', 70),
(3007101, '2023-10-22', 71),
(3007201, '2018-07-03', 72),
(3007301, '2019-09-18', 73),
(3007401, '2024-10-07', 74),
(3007501, '2019-10-22', 75),
(3007601, '2018-07-11', 76),
(3007701, '2024-12-07', 77),
(3007801, '2018-11-04', 78),
(3007901, '2017-03-11', 79),
(3008001, '2023-05-13', 80),
(3008101, '2018-04-02', 81),
(3008201, '2024-10-26', 82),
(3008301, '2020-10-03', 83),
(3008401, '2026-06-15', 84),
(3008501, '2025-06-12', 85),
(3008601, '2023-11-24', 86),
(3008701, '2025-10-17', 87),
(3008801, '2019-12-10', 88),
(3008901, '2026-11-09', 89),
(3009001, '2025-06-04', 90),
(3009101, '2018-08-04', 91),
(3009201, '2018-03-12', 92),
(3009301, '2017-03-03', 93),
(3009401, '2025-10-07', 94),
(3009501, '2021-01-07', 95),
(3009601, '2020-07-20', 96),
(3009701, '2025-07-02', 97),
(3009801, '2024-09-16', 98),
(3009901, '2020-09-09', 99),
(3010001, '2024-08-25', 100),
(3010101, '2024-07-19', 101),
(3010201, '2026-11-26', 102),
(3010301, '2018-12-03', 103),
(3010401, '2026-06-27', 104),
(3010501, '2020-11-21', 105),
(3010601, '2021-05-15', 106),
(3010701, '2019-02-21', 107),
(3010801, '2020-02-10', 108),
(3010901, '2024-08-07', 109),
(3011001, '2025-12-20', 110),
(3011101, '2025-07-10', 111),
(3011201, '2025-09-07', 112),
(3011301, '2025-06-27', 113),
(3011401, '2019-02-11', 114),
(3011501, '2019-11-25', 115),
(3011601, '2017-12-18', 116),
(3011701, '2018-03-12', 117),
(3011801, '2023-05-25', 118),
(3011901, '2021-03-10', 119),
(3012001, '2025-04-27', 120),
(3012101, '2023-11-21', 121),
(3012201, '2038-06-03', 122),
(3012301, '2035-01-01', 123),
(3012401, '2031-07-12', 124),
(3012501, '2038-02-22', 125),
(3012601, '2031-01-21', 126),
(3012701, '2031-12-09', 127),
(3012801, '2032-03-09', 128),
(3012901, '2037-06-05', 129),
(3013001, '2016-06-22', 130),
(3013101, '2016-06-30', 131),
(3013201, '2016-06-26', 132),
(3013301, '2016-06-24', 133),
(3013401, '2016-06-23', 134),
(3013501, '2016-06-26', 135),
(3013601, '2016-06-23', 136),
(3013701, '2016-06-26', 137),
(3013801, '2016-06-29', 138),
(3013901, '2016-06-27', 139),
(3014001, '2016-06-28', 140),
(3014101, '2016-06-28', 141),
(3014201, '2016-06-23', 142),
(3014301, '2016-06-23', 143),
(3014401, '2016-06-30', 144),
(3014501, '2016-06-25', 145),
(3014601, '2016-06-22', 146),
(3014701, '2016-06-30', 147),
(3014801, '2016-06-27', 148),
(3014901, '2016-06-30', 149),
(3015001, '2016-06-29', 150);


INSERT INTO dostepnosc_produktow (id_produktu, id_placowki, ilosc, numer_serii) VALUES
(1, 1, 41, 1000101),
(2, 1, 67, 1000201),
(3, 1, 34, 1000301),
(4, 1, 0, 1000401),
(5, 1, 69, 1000501),
(6, 1, 24, 1000601),
(7, 1, 78, 1000701),
(8, 1, 58, 1000801),
(9, 1, 62, 1000901),
(10, 1, 64, 1001001),
(11, 1, 5, 1001101),
(12, 1, 45, 1001201),
(13, 1, 81, 1001301),
(14, 1, 27, 1001401),
(15, 1, 61, 1001501),
(16, 1, 91, 1001601),
(17, 1, 95, 1001701),
(18, 1, 42, 1001801),
(19, 1, 27, 1001901),
(20, 1, 36, 1002001),
(21, 1, 91, 1002101),
(22, 1, 4, 1002201),
(23, 1, 2, 1002301),
(24, 1, 53, 1002401),
(25, 1, 92, 1002501),
(26, 1, 82, 1002601),
(27, 1, 21, 1002701),
(28, 1, 16, 1002801),
(29, 1, 18, 1002901),
(30, 1, 95, 1003001),
(31, 1, 47, 1003101),
(52, 1, 44, 1005201),
(53, 1, 62, 1005301),
(54, 1, 57, 1005401),
(55, 1, 37, 1005501),
(56, 1, 59, 1005601),
(57, 1, 23, 1005701),
(58, 1, 41, 1005801),
(59, 1, 29, 1005901),
(60, 1, 78, 1006001),
(61, 1, 16, 1006101),
(62, 1, 35, 1006201),
(63, 1, 90, 1006301),
(64, 1, 42, 1006401),
(65, 1, 88, 1006501),
(66, 1, 6, 1006601),
(67, 1, 40, 1006701),
(68, 1, 42, 1006801),
(69, 1, 64, 1006901),
(70, 1, 48, 1007001),
(71, 1, 46, 1007101),
(72, 1, 5, 1007201),
(73, 1, 90, 1007301),
(74, 1, 29, 1007401),
(75, 1, 70, 1007501),
(76, 1, 50, 1007601),
(77, 1, 6, 1007701),
(78, 1, 1, 1007801),
(79, 1, 93, 1007901),
(80, 1, 48, 1008001),
(81, 1, 29, 1008101),
(82, 1, 23, 1008201),
(83, 1, 84, 1008301),
(84, 1, 54, 1008401),
(85, 1, 56, 1008501),
(86, 1, 40, 1008601),
(87, 1, 66, 1008701),
(88, 1, 76, 1008801),
(89, 1, 31, 1008901),
(90, 1, 8, 1009001),
(91, 1, 44, 1009101),
(92, 1, 39, 1009201),
(93, 1, 26, 1009301),
(94, 1, 23, 1009401),
(95, 1, 37, 1009501),
(96, 1, 38, 1009601),
(97, 1, 18, 1009701),
(98, 1, 82, 1009801),
(99, 1, 29, 1009901),
(100, 1, 41, 1010001),
(101, 1, 33, 1010101),
(102, 1, 15, 1010201),
(103, 1, 0, 1010301),
(104, 1, 58, 1010401),
(105, 1, 4, 1010501),
(106, 1, 30, 1010601),
(107, 1, 77, 1010701),
(108, 1, 6, 1010801),
(109, 1, 73, 1010901),
(110, 1, 86, 1011001),
(111, 1, 21, 1011101),
(112, 1, 45, 1011201),
(113, 1, 24, 1011301),
(114, 1, 72, 1011401),
(115, 1, 70, 1011501),
(116, 1, 29, 1011601),
(117, 1, 77, 1011701),
(118, 1, 73, 1011801),
(119, 1, 97, 1011901),
(120, 1, 12, 1012001),
(121, 1, 86, 1012101),
(122, 1, 90, 1012201),
(123, 1, 61, 1012301),
(124, 1, 36, 1012401),
(125, 1, 55, 1012501),
(126, 1, 67, 1012601),
(127, 1, 55, 1012701),
(128, 1, 74, 1012801),
(129, 1, 31, 1012901),
(1, 2, 41, 2000101),
(2, 2, 67, 2000201),
(3, 2, 34, 2000301),
(4, 2, 0, 2000401),
(5, 2, 69, 2000501),
(6, 2, 24, 2000601),
(7, 2, 78, 2000701),
(8, 2, 58, 2000801),
(9, 2, 62, 2000901),
(10, 2, 64, 2001001),
(11, 2, 5, 2001101),
(12, 2, 45, 2001201),
(13, 2, 81, 2001301),
(14, 2, 27, 2001401),
(15, 2, 61, 2001501),
(16, 2, 91, 2001601),
(17, 2, 95, 2001701),
(18, 2, 42, 2001801),
(19, 2, 27, 2001901),
(20, 2, 36, 2002001),
(21, 2, 91, 2002101),
(22, 2, 4, 2002201),
(23, 2, 2, 2002301),
(24, 2, 53, 2002401),
(25, 2, 92, 2002501),
(26, 2, 82, 2002601),
(27, 2, 21, 2002701),
(28, 2, 16, 2002801),
(29, 2, 18, 2002901),
(30, 2, 95, 2003001),
(31, 2, 47, 2003101),
(52, 2, 44, 2005201),
(53, 2, 62, 2005301),
(54, 2, 57, 2005401),
(55, 2, 37, 2005501),
(56, 2, 59, 2005601),
(57, 2, 23, 2005701),
(58, 2, 41, 2005801),
(59, 2, 29, 2005901),
(60, 2, 78, 2006001),
(61, 2, 16, 2006101),
(62, 2, 35, 2006201),
(63, 2, 90, 2006301),
(64, 2, 42, 2006401),
(65, 2, 88, 2006501),
(66, 2, 6, 2006601),
(67, 2, 40, 2006701),
(68, 2, 42, 2006801),
(69, 2, 64, 2006901),
(70, 2, 48, 2007001),
(71, 2, 46, 2007101),
(72, 2, 5, 2007201),
(73, 2, 90, 2007301),
(74, 2, 29, 2007401),
(75, 2, 70, 2007501),
(76, 2, 50, 2007601),
(77, 2, 6, 2007701),
(78, 2, 1, 2007801),
(79, 2, 93, 2007901),
(80, 2, 48, 2008001),
(81, 2, 29, 2008101),
(82, 2, 23, 2008201),
(83, 2, 84, 2008301),
(84, 2, 54, 2008401),
(85, 2, 56, 2008501),
(86, 2, 40, 2008601),
(87, 2, 66, 2008701),
(88, 2, 76, 2008801),
(89, 2, 31, 2008901),
(90, 2, 8, 2009001),
(91, 2, 44, 2009101),
(92, 2, 39, 2009201),
(93, 2, 26, 2009301),
(94, 2, 23, 2009401),
(95, 2, 37, 2009501),
(96, 2, 38, 2009601),
(97, 2, 18, 2009701),
(98, 2, 82, 2009801),
(99, 2, 29, 2009901),
(100, 2, 41, 2010001),
(101, 2, 33, 2010101),
(102, 2, 15, 2010201),
(103, 2, 39, 2010301),
(104, 2, 58, 2010401),
(105, 2, 4, 2010501),
(106, 2, 30, 2010601),
(107, 2, 77, 2010701),
(108, 2, 6, 2010801),
(109, 2, 73, 2010901),
(110, 2, 86, 2011001),
(111, 2, 21, 2011101),
(112, 2, 45, 2011201),
(113, 2, 24, 2011301),
(114, 2, 72, 2011401),
(115, 2, 70, 2011501),
(116, 2, 29, 2011601),
(117, 2, 77, 2011701),
(118, 2, 73, 2011801),
(119, 2, 97, 2011901),
(120, 2, 12, 2012001),
(121, 2, 86, 2012101),
(122, 2, 90, 2012201),
(123, 2, 61, 2012301),
(124, 2, 36, 2012401),
(125, 2, 55, 2012501),
(126, 2, 67, 2012601),
(127, 2, 55, 2012701),
(128, 2, 74, 2012801),
(129, 2, 31, 2012901),
(1, 3, 41, 3000101),
(2, 3, 67, 3000201),
(3, 3, 34, 3000301),
(4, 3, 0, 3000401),
(5, 3, 69, 3000501),
(6, 3, 24, 3000601),
(7, 3, 78, 3000701),
(8, 3, 58, 3000801),
(9, 3, 62, 3000901),
(10, 3, 64, 3001001),
(11, 3, 5, 3001101),
(12, 3, 45, 3001201),
(13, 3, 81, 3001301),
(14, 3, 27, 3001401),
(15, 3, 61, 3001501),
(16, 3, 91, 3001601),
(17, 3, 95, 3001701),
(18, 3, 42, 3001801),
(19, 3, 27, 3001901),
(20, 3, 36, 3002001),
(21, 3, 91, 3002101),
(22, 3, 4, 3002201),
(23, 3, 2, 3002301),
(24, 3, 53, 3002401),
(25, 3, 0, 3002501),
(26, 3, 82, 3002601),
(27, 3, 21, 3002701),
(28, 3, 16, 3002801),
(29, 3, 18, 3002901),
(30, 3, 95, 3003001),
(31, 3, 47, 3003101),
(52, 3, 44, 3005201),
(53, 3, 62, 3005301),
(54, 3, 57, 3005401),
(55, 3, 37, 3005501),
(56, 3, 59, 3005601),
(57, 3, 23, 3005701),
(58, 3, 41, 3005801),
(59, 3, 29, 3005901),
(60, 3, 78, 3006001),
(61, 3, 16, 3006101),
(62, 3, 35, 3006201),
(63, 3, 90, 3006301),
(64, 3, 42, 3006401),
(65, 3, 88, 3006501),
(66, 3, 6, 3006601),
(67, 3, 40, 3006701),
(68, 3, 42, 3006801),
(69, 3, 64, 3006901),
(70, 3, 48, 3007001),
(71, 3, 0, 3007101),
(72, 3, 5, 3007201),
(73, 3, 90, 3007301),
(74, 3, 29, 3007401),
(75, 3, 70, 3007501),
(76, 3, 50, 3007601),
(77, 3, 6, 3007701),
(78, 3, 1, 3007801),
(79, 3, 93, 3007901),
(80, 3, 48, 3008001),
(81, 3, 29, 3008101),
(82, 3, 23, 3008201),
(83, 3, 84, 3008301),
(84, 3, 54, 3008401),
(85, 3, 56, 3008501),
(86, 3, 40, 3008601),
(87, 3, 66, 3008701),
(88, 3, 76, 3008801),
(89, 3, 31, 3008901),
(90, 3, 8, 3009001),
(91, 3, 44, 3009101),
(92, 3, 39, 3009201),
(93, 3, 26, 3009301),
(94, 3, 23, 3009401),
(95, 3, 37, 3009501),
(96, 3, 38, 3009601),
(97, 3, 18, 3009701),
(98, 3, 82, 3009801),
(99, 3, 29, 3009901),
(100, 3, 41, 3010001),
(101, 3, 33, 3010101),
(102, 3, 15, 3010201),
(103, 3, 39, 3010301),
(104, 3, 58, 3010401),
(105, 3, 4, 3010501),
(106, 3, 30, 3010601),
(107, 3, 77, 3010701),
(108, 3, 6, 3010801),
(109, 3, 0, 3010901),
(110, 3, 86, 3011001),
(111, 3, 21, 3011101),
(112, 3, 45, 3011201),
(113, 3, 24, 3011301),
(114, 3, 72, 3011401),
(115, 3, 70, 3011501),
(116, 3, 29, 3011601),
(117, 3, 77, 3011701),
(118, 3, 73, 3011801),
(119, 3, 97, 3011901),
(120, 3, 12, 3012001),
(121, 3, 86, 3012101),
(122, 3, 90, 3012201),
(123, 3, 61, 3012301),
(124, 3, 36, 3012401),
(125, 3, 55, 3012501),
(126, 3, 67, 3012601),
(127, 3, 55, 3012701),
(128, 3, 74, 3012801),
(129, 3, 31, 3012901);

INSERT INTO dostepnosc_produktow (id_produktu, id_placowki, waga, numer_serii) VALUES
(32, 1, 26, 1003201),
(33, 1, 71, 1003301),
(34, 1, 38, 1003401),
(35, 1, 69, 1003501),
(36, 1, 12, 1003601),
(37, 1, 67, 1003701),
(38, 1, 99, 1003801),
(39, 1, 35, 1003901),
(40, 1, 94, 1004001),
(41, 1, 3, 1004101),
(42, 1, 11, 1004201),
(43, 1, 22, 1004301),
(44, 1, 33, 1004401),
(45, 1, 73, 1004501),
(46, 1, 64, 1004601),
(47, 1, 41, 1004701),
(48, 1, 11, 1004801),
(49, 1, 53, 1004901),
(50, 1, 68, 1005001),
(51, 1, 47, 1005101),
(130, 1, 52, 1013001),
(131, 1, 50, 1013101),
(132, 1, 50, 1013201),
(133, 1, 41, 1013301),
(134, 1, 24, 1013401),
(135, 1, 66, 1013501),
(136, 1, 30, 1013601),
(137, 1, 7, 1013701),
(138, 1, 91, 1013801),
(139, 1, 7, 1013901),
(140, 1, 37, 1014001),
(141, 1, 57, 1014101),
(142, 1, 87, 1014201),
(143, 1, 53, 1014301),
(144, 1, 83, 1014401),
(145, 1, 0, 1014501),
(146, 1, 9, 1014601),
(147, 1, 9, 1014701),
(148, 1, 58, 1014801),
(149, 1, 21, 1014901),
(150, 1, 88, 1015001),
(32, 2, 0, 2003201),
(33, 2, 71, 2003301),
(34, 2, 38, 2003401),
(35, 2, 69, 2003501),
(36, 2, 12, 2003601),
(37, 2, 0, 2003701),
(38, 2, 99, 2003801),
(39, 2, 35, 2003901),
(40, 2, 94, 2004001),
(41, 2, 3, 2004101),
(42, 2, 11, 2004201),
(43, 2, 22, 2004301),
(44, 2, 33, 2004401),
(45, 2, 73, 2004501),
(46, 2, 64, 2004601),
(47, 2, 41, 2004701),
(48, 2, 11, 2004801),
(49, 2, 53, 2004901),
(50, 2, 68, 2005001),
(51, 2, 47, 2005101),
(130, 2, 52, 2013001),
(131, 2, 50, 2013101),
(132, 2, 50, 2013201),
(133, 2, 41, 2013301),
(134, 2, 24, 2013401),
(135, 2, 66, 2013501),
(136, 2, 30, 2013601),
(137, 2, 7, 2013701),
(138, 2, 91, 2013801),
(139, 2, 7, 2013901),
(140, 2, 37, 2014001),
(141, 2, 57, 2014101),
(142, 2, 87, 2014201),
(143, 2, 53, 2014301),
(144, 2, 83, 2014401),
(145, 2, 45, 2014501),
(146, 2, 9, 2014601),
(147, 2, 9, 2014701),
(148, 2, 58, 2014801),
(149, 2, 21, 2014901),
(150, 2, 88, 2015001),
(32, 3, 26, 3003201),
(33, 3, 71, 3003301),
(34, 3, 38, 3003401),
(35, 3, 69, 3003501),
(36, 3, 12, 3003601),
(37, 3, 67, 3003701),
(38, 3, 99, 3003801),
(39, 3, 35, 3003901),
(40, 3, 94, 3004001),
(41, 3, 3, 3004101),
(42, 3, 11, 3004201),
(43, 3, 22, 3004301),
(44, 3, 33, 3004401),
(45, 3, 73, 3004501),
(46, 3, 64, 3004601),
(47, 3, 41, 3004701),
(48, 3, 11, 3004801),
(49, 3, 53, 3004901),
(50, 3, 68, 3005001),
(51, 3, 47, 3005101),
(130, 3, 52, 3013001),
(131, 3, 50, 3013101),
(132, 3, 50, 3013201),
(133, 3, 41, 3013301),
(134, 3, 24, 3013401),
(135, 3, 66, 3013501),
(136, 3, 30, 3013601),
(137, 3, 7, 3013701),
(138, 3, 91, 3013801),
(139, 3, 7, 3013901),
(140, 3, 37, 3014001),
(141, 3, 57, 3014101),
(142, 3, 87, 3014201),
(143, 3, 53, 3014301),
(144, 3, 83, 3014401),
(145, 3, 45, 3014501),
(146, 3, 9, 3014601),
(147, 3, 9, 3014701),
(148, 3, 58, 3014801),
(149, 3, 21, 3014901),
(150, 3, 88, 3015001);

INSERT INTO reklamacje_klientow (id_produktu, data_reklamacji, opis_reklamacji, id_zakupow, status_reklamacji, informacje) VALUES
(1, '2010-01-06','produkt nieswiezy', 2, true, 'zwrot pieniedzy'),
(11, '2016-05-02', 'produkt nieswiezy', 99, false, 'brak paragonu'),
(18, '2015-07-07', 'produkt nieswiezy', 83, true, 'zwrot pieniedzy');

INSERT INTO historia_sprzedazy (id_serii, id_zakupow, id_produktu, ilosc) VALUES
(3002101, 1, 21, 3),
(3005801, 1, 58, 1),
(3002801, 1, 28, 1),
(3005701, 1, 57, 3),
(3000901, 2, 9, 3),
(2000901, 3, 9, 2),
(2007501, 3, 75, 1),
(2001401, 3, 14, 1),
(2002301, 4, 23, 2),
(3000501, 5, 5, 1),
(3007301, 5, 73, 3),
(3000201, 5, 2, 2),
(3010201, 5, 102, 2),
(3001601, 5, 16, 2),
(3005601, 5, 56, 2),
(2002901, 6, 29, 1),
(2007901, 6, 79, 2),
(2001201, 6, 12, 2),
(2006101, 6, 61, 1),
(2001301, 6, 13, 3),
(1001101, 7, 11, 3),
(1007801, 7, 78, 1),
(1001101, 8, 11, 3),
(1012601, 8, 126, 1),
(1006901, 8, 69, 1),
(1000501, 8, 5, 2),
(2000401, 9, 4, 3),
(3001201, 10, 12, 2),
(3006601, 10, 66, 3),
(3002301, 10, 23, 2),
(3007401, 10, 74, 3),
(3000701, 11, 7, 1),
(3002601, 12, 26, 1),
(3010601, 12, 106, 2),
(3001601, 12, 16, 3),
(3006601, 12, 66, 1),
(2002401, 13, 24, 3),
(1001401, 14, 14, 3),
(1007101, 14, 71, 1),
(1000401, 14, 4, 3),
(1011701, 14, 117, 1),
(1002901, 14, 29, 2),
(1010201, 14, 102, 3),
(2011301, 15, 113, 3),
(2001401, 15, 14, 3),
(2011401, 15, 114, 1),
(2001701, 15, 17, 2),
(2006501, 15, 65, 3),
(3002601, 16, 26, 1),
(3012101, 16, 121, 1),
(3000701, 16, 7, 2),
(2000901, 17, 9, 3),
(2009401, 17, 94, 1),
(2002801, 17, 28, 1),
(2010801, 17, 108, 3),
(2002901, 17, 29, 3),
(3000201, 18, 2, 2),
(3011801, 18, 118, 1),
(3001701, 18, 17, 2),
(1002501, 19, 25, 3),
(1005401, 19, 54, 3),
(1000701, 19, 7, 3),
(1001101, 20, 11, 2),
(1011201, 20, 112, 3),
(1003001, 20, 30, 3),
(1007801, 20, 78, 1),
(1002001, 20, 20, 2),
(1001701, 21, 17, 3),
(1010601, 21, 106, 1),
(1002701, 21, 27, 1),
(1007801, 21, 78, 1),
(1000901, 21, 9, 1),
(1009901, 21, 99, 3),
(1002401, 22, 24, 2),
(3002801, 23, 28, 3),
(3007301, 23, 73, 3),
(3000601, 23, 6, 2),
(3011501, 23, 115, 1),
(3000401, 23, 4, 1),
(3006201, 23, 62, 2),
(1002501, 24, 25, 3),
(1012201, 24, 122, 2),
(2000601, 25, 6, 1),
(2008701, 25, 87, 3),
(2002301, 25, 23, 1),
(2006001, 25, 60, 3),
(2001801, 26, 18, 2),
(2007701, 26, 77, 3),
(2002701, 26, 27, 3),
(2012601, 26, 126, 2),
(1001901, 27, 19, 1),
(1012301, 27, 123, 1),
(3001901, 28, 19, 2),
(3010101, 28, 101, 2),
(3001601, 28, 16, 2),
(3005301, 28, 53, 1),
(3001201, 29, 12, 3),
(3010201, 29, 102, 2),
(3000801, 30, 8, 3),
(3012401, 30, 124, 3),
(3000701, 31, 7, 2),
(1001901, 32, 19, 3),
(1007101, 32, 71, 3),
(3001401, 33, 14, 2),
(3009001, 33, 90, 3),
(3000501, 33, 5, 3),
(3005901, 33, 59, 1),
(1002101, 34, 21, 1),
(1006201, 34, 62, 2),
(1001101, 34, 11, 1),
(1010701, 34, 107, 2),
(1002201, 34, 22, 1),
(1001701, 35, 17, 3),
(1005801, 35, 58, 3),
(2003001, 36, 30, 1),
(2007801, 36, 78, 1),
(2000401, 36, 4, 3),
(2009701, 36, 97, 2),
(3003001, 37, 30, 3),
(3011901, 37, 119, 3),
(3001001, 37, 10, 3),
(3011401, 37, 114, 3),
(3000401, 37, 4, 2),
(2000201, 38, 2, 3),
(2010801, 38, 108, 1),
(2001001, 38, 10, 1),
(2012001, 38, 120, 2),
(2002601, 38, 26, 3),
(2001101, 39, 11, 3),
(1000301, 40, 3, 3),
(1007501, 40, 75, 3),
(1001801, 40, 18, 1),
(3002901, 41, 29, 2),
(3008101, 41, 81, 2),
(3002501, 41, 25, 1),
(3007701, 41, 77, 2),
(3001101, 41, 11, 3),
(3008901, 41, 89, 1),
(1000401, 42, 4, 1),
(3003001, 43, 30, 3),
(3011401, 43, 114, 2),
(3001401, 43, 14, 3),
(3012901, 43, 129, 2),
(1000601, 44, 6, 1),
(1012801, 44, 128, 3),
(1002001, 44, 20, 2),
(1001801, 45, 18, 3),
(1008301, 45, 83, 3),
(3002401, 46, 24, 3),
(3007001, 46, 70, 2),
(3001801, 46, 18, 3),
(3006201, 46, 62, 3),
(3001501, 46, 15, 3),
(1002901, 47, 29, 3),
(1011301, 47, 113, 1),
(2000701, 48, 7, 2),
(2011601, 48, 116, 3),
(2001501, 48, 15, 2),
(3002101, 49, 21, 1),
(3008601, 49, 86, 3),
(3002901, 49, 29, 3),
(3008301, 49, 83, 3),
(3000401, 49, 4, 1),
(2000601, 50, 6, 2),
(2010701, 50, 107, 1),
(2002901, 50, 29, 1),
(2009501, 50, 95, 1),
(3000401, 51, 4, 3),
(3009001, 51, 90, 3),
(3001401, 52, 14, 1),
(3005301, 52, 53, 3),
(3000701, 52, 7, 2),
(3012201, 52, 122, 2),
(3002601, 52, 26, 2),
(2002701, 53, 27, 2),
(2006701, 53, 67, 1),
(2001201, 53, 12, 3),
(1001401, 54, 14, 1),
(1005301, 54, 53, 3),
(1002001, 54, 20, 3),
(1007501, 54, 75, 3),
(1001301, 54, 13, 1),
(1002701, 55, 27, 2),
(1006301, 55, 63, 3),
(1001901, 55, 19, 1),
(1009301, 55, 93, 2),
(1001401, 55, 14, 2),
(2002501, 56, 25, 1),
(2011901, 56, 119, 3),
(2000401, 56, 4, 2),
(3000501, 57, 5, 1),
(1003101, 58, 31, 2),
(2000201, 59, 2, 1),
(2011801, 59, 118, 2),
(2000901, 60, 9, 2),
(2010201, 60, 102, 1),
(2002701, 60, 27, 1),
(2007101, 60, 71, 1),
(2002201, 60, 22, 1),
(2000101, 61, 1, 1),
(2010701, 61, 107, 3),
(3000401, 62, 4, 1),
(3006901, 62, 69, 3),
(3001201, 62, 12, 1),
(3001901, 63, 19, 3),
(3011801, 63, 118, 2),
(1000601, 64, 6, 3),
(1006801, 64, 68, 3),
(1001601, 64, 16, 1),
(1006901, 64, 69, 2),
(1001901, 64, 19, 3),
(1011701, 64, 117, 1),
(1002401, 65, 24, 2),
(1012501, 65, 125, 1),
(1002301, 65, 23, 3),
(1009401, 65, 94, 3),
(1001901, 65, 19, 2),
(1006101, 65, 61, 1),
(2001501, 66, 15, 3),
(2008401, 66, 84, 1),
(2000901, 66, 9, 2),
(2005601, 66, 56, 1),
(2001001, 66, 10, 2),
(2007201, 66, 72, 2),
(2000801, 67, 8, 3),
(2008801, 67, 88, 2),
(2001901, 67, 19, 2),
(2009901, 67, 99, 1),
(2003001, 67, 30, 1),
(2009501, 67, 95, 1),
(3002401, 68, 24, 3),
(3011901, 68, 119, 3),
(3000501, 68, 5, 1),
(3008701, 68, 87, 1),
(2002801, 69, 28, 2),
(2001601, 70, 16, 3),
(2011601, 70, 116, 3),
(3002701, 71, 27, 2),
(3011701, 71, 117, 3),
(3001501, 71, 15, 3),
(3011101, 71, 111, 2),
(1001701, 72, 17, 1),
(1006501, 72, 65, 2),
(1000201, 72, 2, 1),
(1011601, 72, 116, 1),
(1000601, 72, 6, 1),
(3000201, 73, 2, 3),
(3012201, 73, 122, 1),
(3001501, 73, 15, 2),
(3011501, 73, 115, 2),
(3002901, 73, 29, 2),
(3012901, 73, 129, 1),
(1000801, 74, 8, 2),
(2002801, 75, 28, 1),
(2009701, 75, 97, 2),
(2001801, 75, 18, 3),
(2006501, 75, 65, 3),
(2003001, 75, 30, 2),
(2005801, 75, 58, 2),
(3001201, 76, 12, 2),
(3011601, 76, 116, 1),
(3002401, 76, 24, 2),
(3011801, 76, 118, 2),
(1002601, 77, 26, 2),
(1009501, 78, 95, 3),
(1000801, 78, 8, 1),
(1007101, 78, 71, 2),
(1001301, 79, 13, 1),
(1010501, 79, 105, 1),
(1002801, 79, 28, 1),
(1012401, 79, 124, 3),
(3000301, 80, 3, 1),
(3010901, 80, 109, 2),
(3001501, 80, 15, 1),
(3006701, 80, 67, 3),
(3000901, 80, 9, 1),
(1000501, 81, 5, 3),
(1006901, 81, 69, 3),
(3001701, 82, 17, 3),
(3010401, 82, 104, 3),
(3000501, 82, 5, 3),
(1001401, 83, 14, 3),
(1005301, 83, 53, 1),
(1001601, 83, 16, 3),
(1005901, 83, 59, 1),
(1002201, 83, 22, 1),
(1006001, 83, 60, 2),
(2000401, 84, 4, 2),
(2007301, 84, 73, 1),
(1000701, 85, 7, 3),
(1010501, 85, 105, 3),
(1002901, 85, 29, 1),
(1012701, 85, 127, 1),
(1003001, 85, 30, 1),
(1007501, 85, 75, 2),
(3000101, 86, 1, 1),
(3008401, 86, 84, 2),
(3000701, 86, 7, 3),
(3009401, 86, 94, 3),
(2001101, 87, 11, 3),
(2012301, 87, 123, 1),
(2001001, 87, 10, 1),
(3000501, 88, 5, 2),
(3002501, 89, 25, 3),
(2000201, 90, 2, 3),
(1000301, 91, 3, 1),
(1008501, 91, 85, 2),
(1002901, 92, 29, 2),
(1010901, 92, 109, 1),
(1002201, 92, 22, 3),
(1009501, 92, 95, 2),
(1000201, 92, 2, 1),
(1011001, 92, 110, 2),
(3001601, 93, 16, 3),
(3009301, 93, 93, 3),
(3002301, 93, 23, 1),
(2002501, 94, 25, 1),
(2007201, 94, 72, 3),
(2000201, 94, 2, 2),
(3008301, 95, 83, 2),
(3001201, 95, 12, 1),
(3012401, 95, 124, 2),
(3000101, 95, 1, 3),
(2001901, 96, 19, 1),
(3002301, 97, 23, 2),
(3008501, 97, 85, 3),
(3000301, 97, 3, 1),
(1002801, 98, 28, 1),
(1010401, 98, 104, 1),
(1000801, 98, 8, 2),
(1008001, 98, 80, 2),
(1002701, 99, 27, 1),
(1009801, 99, 98, 1),
(1000701, 99, 7, 3),
(1005301, 99, 53, 1),
(3002801, 100, 28, 3),
(3010001, 100, 100, 2),
(3002901, 100, 29, 3);

INSERT INTO historia_sprzedazy (id_serii, id_zakupow, id_produktu, waga) VALUES
(3004101, 1, 41, 1.50),
(3003801, 2, 38, 1.30),
(3013301, 2, 133, 2.64),
(2004001, 4, 40, 2.62),
(2013201, 4, 132, 1.28),
(2004801, 4, 48, 0.84),
(3004001, 5, 40, 2.61),
(3013801, 5, 138, 2.19),
(2003201, 6, 32, 1.43),
(2014201, 6, 142, 1.54),
(2004201, 6, 42, 0.33),
(1005001, 7, 50, 2.98),
(1003801, 8, 38, 0.34),
(1014301, 8, 143, 1.99),
(2014101, 9, 141, 1.40),
(2004001, 9, 40, 2.97),
(3005001, 10, 50, 0.70),
(3013201, 10, 132, 2.48),
(3003201, 10, 32, 1.75),
(3004801, 12, 48, 1.35),
(3014901, 12, 149, 1.35),
(2004101, 13, 41, 2.43),
(2014601, 13, 146, 1.52),
(1003401, 14, 34, 1.28),
(2004101, 15, 41, 1.43),
(2013001, 15, 130, 2.38),
(3003901, 16, 39, 1.24),
(3014301, 16, 143, 2.17),
(3003301, 16, 33, 0.48),
(3003501, 18, 35, 0.88),
(1004001, 19, 40, 0.30),
(1003501, 20, 35, 0.98),
(1004601, 22, 46, 2.16),
(1004901, 24, 49, 1.27),
(1013601, 24, 136, 2.90),
(2003501, 25, 35, 1.61),
(2003701, 26, 37, 0.92),
(3005001, 28, 50, 0.92),
(3013701, 29, 137, 1.57),
(3004001, 29, 40, 0.32),
(3005001, 30, 50, 0.89),
(3014301, 30, 143, 0.60),
(3003301, 33, 33, 1.48),
(3014101, 33, 141, 0.42),
(1003501, 34, 35, 2.48),
(1014201, 34, 142, 1.75),
(1004501, 35, 45, 0.68),
(2004001, 36, 40, 0.29),
(2013201, 36, 132, 1.56),
(3003801, 37, 38, 2.62),
(2004001, 39, 40, 1.37),
(1004601, 40, 46, 0.58),
(1014801, 40, 148, 0.30),
(3004401, 41, 44, 1.28),
(3014501, 41, 145, 0.65),
(3004301, 41, 43, 2.37),
(1003901, 42, 39, 2.17),
(3003501, 43, 35, 2.30),
(3013901, 43, 139, 2.38),
(3004701, 43, 47, 1.60),
(1003501, 44, 35, 1.45),
(1014401, 44, 144, 0.51),
(1004401, 44, 44, 0.26),
(1004401, 45, 44, 2.49),
(1014501, 45, 145, 0.55),
(3004001, 46, 40, 1.55),
(1003401, 47, 34, 0.15),
(1013101, 47, 131, 0.82),
(3003501, 49, 35, 0.70),
(2003601, 50, 36, 2.75),
(2014701, 50, 147, 0.56),
(3004201, 51, 42, 0.86),
(3013901, 51, 139, 0.11),
(3004201, 52, 42, 0.27),
(3013401, 52, 134, 2.23),
(3004801, 52, 48, 1.58),
(2003201, 53, 32, 2.72),
(1004201, 55, 42, 0.76),
(1013001, 55, 130, 0.49),
(2003901, 56, 39, 0.53),
(2014901, 56, 149, 0.49),
(3004101, 57, 41, 1.35),
(1003801, 58, 38, 1.99),
(1014401, 58, 144, 1.73),
(2004801, 59, 48, 0.85),
(2004501, 60, 45, 0.42),
(2004001, 61, 40, 0.88),
(2014401, 61, 144, 1.82),
(3003401, 62, 34, 1.72),
(3013401, 62, 134, 2.25),
(3003801, 62, 38, 1.24),
(3005001, 63, 50, 2.34),
(3013701, 63, 137, 1.32),
(3004401, 63, 44, 1.79),
(1003501, 64, 35, 0.40),
(1014201, 64, 142, 1.61),
(1004601, 64, 46, 2.49),
(2003901, 66, 39, 0.28),
(2014901, 66, 149, 0.43),
(2003801, 67, 38, 2.66),
(2013601, 67, 136, 1.15),
(3003501, 68, 35, 1.37),
(3014601, 68, 146, 1.12),
(2003701, 69, 37, 0.81),
(2014601, 69, 146, 2.91),
(2004001, 70, 40, 2.43),
(2013001, 70, 130, 1.26),
(2004301, 70, 43, 1.62),
(3003901, 71, 39, 0.14),
(3013301, 71, 133, 0.49),
(1003501, 72, 35, 2.88),
(1013301, 72, 133, 1.76),
(1003201, 74, 32, 2.41),
(1013701, 74, 137, 2.83),
(1004001, 74, 40, 2.65),
(2004601, 75, 46, 1.37),
(3004201, 76, 42, 1.40),
(1003301, 77, 33, 1.79),
(1013101, 77, 131, 2.39),
(1003701, 77, 37, 0.27),
(1004701, 78, 47, 1.12),
(1004101, 79, 41, 1.12),
(1013201, 79, 132, 2.40),
(1004601, 81, 46, 0.13),
(3004201, 82, 42, 1.45),
(3014001, 82, 140, 2.82),
(3003501, 82, 35, 0.88),
(1004001, 83, 40, 2.48),
(1013001, 83, 130, 2.23),
(1003801, 83, 38, 1.56),
(2003601, 84, 36, 2.28),
(2013301, 84, 133, 0.28),
(1003201, 85, 32, 1.58),
(1014401, 85, 144, 2.80),
(1003301, 85, 33, 1.28),
(3003701, 86, 37, 2.27),
(3013501, 86, 135, 1.95),
(3005001, 86, 50, 2.36),
(2005001, 87, 50, 2.20),
(2003801, 90, 38, 2.26),
(1003601, 91, 36, 1.57),
(1014201, 91, 142, 2.48),
(1004701, 92, 47, 2.24),
(2003901, 94, 39, 2.95),
(2013301, 94, 133, 0.87),
(2004501, 94, 45, 1.65),
(3003301, 95, 33, 2.22),
(2003201, 96, 32, 0.94),
(2014401, 96, 144, 2.30),
(2004901, 96, 49, 0.57),
(1004701, 98, 47, 1.64),
(1013501, 98, 135, 2.99),
(1005001, 99, 50, 0.32),
(1013001, 99, 130, 1.91),
(1004601, 99, 46, 0.50),
(3004601, 100, 46, 1.50);

INSERT INTO produkty_dostawcy (numer_serii, id_dostawcy) VALUES
(1000101, 2),
(1000201, 2),
(1000301, 3),
(1000401, 9),
(1000501, 3),
(1000601, 4),
(1000701, 2),
(1000801, 13),
(1000901, 13),
(1001001, 11),
(1001101, 11),
(1001201, 13),
(1001301, 4),
(1001401, 11),
(1001501, 9),
(1001601, 8),
(1001701, 2),
(1001801, 3),
(1001901, 9),
(1002001, 1),
(1002101, 2),
(1002201, 3),
(1002301, 2),
(1002401, 3),
(1002501, 1),
(1002601, 2),
(1002701, 2),
(1002801, 3),
(1002901, 1),
(1003001, 2),
(1003101, 1),
(1003201, 5),
(1003301, 5),
(1003401, 6),
(1003501, 6),
(1003601, 5),
(1003701, 5),
(1003801, 6),
(1003901, 5),
(1004001, 6),
(1004101, 6),
(1004201, 5),
(1004301, 6),
(1004401, 5),
(1004501, 6),
(1004601, 7),
(1004701, 7),
(1004801, 7),
(1004901, 7),
(1005001, 6),
(1005101, 5),
(1005201, 7),
(1005301, 13),
(1005401, 15),
(1005501, 15),
(1005601, 13),
(1005701, 15),
(1005801, 13),
(1005901, 15),
(1006001, 13),
(1006101, 12),
(1006201, 13),
(1006301, 12),
(1006401, 13),
(1006501, 15),
(1006601, 3),
(1006701, 13),
(1006801, 14),
(1006901, 2),
(1007001, 2),
(1007101, 2),
(1007201, 2),
(1007301, 2),
(1007401, 2),
(1007501, 2),
(1007601, 2),
(1007701, 2),
(1007801, 2),
(1007901, 2),
(1008001, 2),
(1008101, 2),
(1008201, 2),
(1008301, 2),
(1008401, 2),
(1008501, 2),
(1008601, 2),
(1008701, 12),
(1008801, 10),
(1008901, 12),
(1009001, 10),
(1009101, 10),
(1009201, 10),
(1009301, 10),
(1009401, 12),
(1009501, 12),
(1009601, 10),
(1009701, 2),
(1009801, 2),
(1009901, 2),
(1010001, 12),
(1010101, 10),
(1010201, 2),
(1010301, 12),
(1010401, 10),
(1010501, 10),
(1010601, 2),
(1010701, 2),
(1010801, 2),
(1010901, 2),
(1011001, 2),
(1011101, 2),
(1011201, 2),
(1011301, 11),
(1011401, 11),
(1011501, 11),
(1011601, 2),
(1011701, 2),
(1011801, 2),
(1011901, 2),
(1012001, 12),
(1012101, 12),
(1012201, 2),
(1012301, 2),
(1012401, 2),
(1012501, 2),
(1012601, 10),
(1012701, 10),
(1012801, 2),
(1012901, 10),
(1013001, 14), 
(1013101, 1),
(1013201, 8),
(1013301, 14),
(1013401, 1),
(1013501, 14), 
(1013601, 1),
(1013701, 14),
(1013801, 14),   
(1013901, 1),   
(1014001, 1),   
(1014101, 1),
(1014201, 1),
(1014301, 1),
(1014401, 14),
(1014501, 1),
(1014601, 1),
(1014701, 8),     
(1014801, 8),    
(1014901, 1),                      
(1015001, 14),
(2000101, 2),
(2000201, 2),
(2000301, 3),
(2000401, 9),
(2000501, 3),
(2000601, 4),
(2000701, 2),
(2000801, 13),
(2000901, 13),
(2001001, 11),
(2001101, 11),
(2001201, 13),
(2001301, 4),
(2001401, 11),
(2001501, 9),
(2001601, 8),
(2001701, 2),
(2001801, 3),
(2001901, 9),
(2002001, 1),
(2002101, 2),
(2002201, 3),
(2002301, 2),
(2002401, 3),
(2002501, 1),
(2002601, 2),
(2002701, 2),
(2002801, 3),
(2002901, 1),
(2003001, 2),
(2003101, 1),
(2003201, 5),
(2003301, 5),
(2003401, 6),
(2003501, 6),
(2003601, 5),
(2003701, 5),
(2003801, 6),
(2003901, 5),
(2004001, 6),
(2004101, 6),
(2004201, 5),
(2004301, 6),
(2004401, 5),
(2004501, 6),
(2004601, 7),
(2004701, 7),
(2004801, 7),
(2004901, 7),
(2005001, 6),
(2005101, 5),
(2005201, 7),
(2005301, 13),
(2005401, 15),
(2005501, 15),
(2005601, 13),
(2005701, 15),
(2005801, 13),
(2005901, 15),
(2006001, 13),
(2006101, 12),
(2006201, 13),
(2006301, 12),
(2006401, 13),
(2006501, 15),
(2006601, 3),
(2006701, 13),
(2006801, 14),
(2006901, 2),
(2007001, 2),
(2007101, 2),
(2007201, 2),
(2007301, 2),
(2007401, 2),
(2007501, 2),
(2007601, 2),
(2007701, 2),
(2007801, 2),
(2007901, 2),
(2008001, 2),
(2008101, 2),
(2008201, 2),
(2008301, 2),
(2008401, 2),
(2008501, 2),
(2008601, 2),
(2008701, 12),
(2008801, 10),
(2008901, 12),
(2009001, 10),
(2009101, 10),
(2009201, 10),
(2009301, 10),
(2009401, 12),
(2009501, 12),
(2009601, 10),
(2009701, 2),
(2009801, 2),
(2009901, 2),
(2010001, 12),
(2010101, 10),
(2010201, 2),
(2010301, 12),
(2010401, 10),
(2010501, 10),
(2010601, 2),
(2010701, 2),
(2010801, 2),
(2010901, 2),
(2011001, 2),
(2011101, 2),
(2011201, 2),
(2011301, 11),
(2011401, 11),
(2011501, 11),
(2011601, 2),
(2011701, 2),
(2011801, 2),
(2011901, 2),
(2012001, 12),
(2012101, 12),
(2012201, 2),
(2012301, 2),
(2012401, 2),
(2012501, 2),
(2012601, 10),
(2012701, 10),
(2012801, 2),
(2012901, 10),
(2013001, 14), 
(2013101, 1),
(2013201, 8),
(2013301, 14),
(2013401, 1),
(2013501, 14), 
(2013601, 1),
(2013701, 14),
(2013801, 14),   
(2013901, 1),   
(2014001, 1),   
(2014101, 1),
(2014201, 1),
(2014301, 1),
(2014401, 14),
(2014501, 1),
(2014601, 1),
(2014701, 8),     
(2014801, 8),    
(2014901, 1),                      
(2015001, 14),
(3000101, 2),
(3000201, 2),
(3000301, 3),
(3000401, 9),
(3000501, 3),
(3000601, 4),
(3000701, 2),
(3000801, 13),
(3000901, 13),
(3001001, 11),
(3001101, 11),
(3001201, 13),
(3001301, 4),
(3001401, 11),
(3001501, 9),
(3001601, 8),
(3001701, 2),
(3001801, 3),
(3001901, 9),
(3002001, 1),
(3002101, 2),
(3002201, 3),
(3002301, 2),
(3002401, 3),
(3002501, 1),
(3002601, 2),
(3002701, 2),
(3002801, 3),
(3002901, 1),
(3003001, 2),
(3003101, 1),
(3003201, 5),
(3003301, 5),
(3003401, 6),
(3003501, 6),
(3003601, 5),
(3003701, 5),
(3003801, 6),
(3003901, 5),
(3004001, 6),
(3004101, 6),
(3004201, 5),
(3004301, 6),
(3004401, 5),
(3004501, 6),
(3004601, 7),
(3004701, 7),
(3004801, 7),
(3004901, 7),
(3005001, 6),
(3005101, 5),
(3005201, 7),
(3005301, 13),
(3005401, 15),
(3005501, 15),
(3005601, 13),
(3005701, 15),
(3005801, 13),
(3005901, 15),
(3006001, 13),
(3006101, 12),
(3006201, 13),
(3006301, 12),
(3006401, 13),
(3006501, 15),
(3006601, 3),
(3006701, 13),
(3006801, 14),
(3006901, 2),
(3007001, 2),
(3007101, 2),
(3007201, 2),
(3007301, 2),
(3007401, 2),
(3007501, 2),
(3007601, 2),
(3007701, 2),
(3007801, 2),
(3007901, 2),
(3008001, 2),
(3008101, 2),
(3008201, 2),
(3008301, 2),
(3008401, 2),
(3008501, 2),
(3008601, 2),
(3008701, 12),
(3008801, 10),
(3008901, 12),
(3009001, 10),
(3009101, 10),
(3009201, 10),
(3009301, 10),
(3009401, 12),
(3009501, 12),
(3009601, 10),
(3009701, 2),
(3009801, 2),
(3009901, 2),
(3010001, 12),
(3010101, 10),
(3010201, 2),
(3010301, 12),
(3010401, 10),
(3010501, 10),
(3010601, 2),
(3010701, 2),
(3010801, 2),
(3010901, 2),
(3011001, 2),
(3011101, 2),
(3011201, 2),
(3011301, 11),
(3011401, 11),
(3011501, 11),
(3011601, 2),
(3011701, 2),
(3011801, 2),
(3011901, 2),
(3012001, 12),
(3012101, 12),
(3012201, 2),
(3012301, 2),
(3012401, 2),
(3012501, 2),
(3012601, 10),
(3012701, 10),
(3012801, 2),
(3012901, 10),
(3013001, 14), 
(3013101, 1),
(3013201, 8),
(3013301, 14),
(3013401, 1),
(3013501, 14), 
(3013601, 1),
(3013701, 14),
(3013801, 14),   
(3013901, 1),   
(3014001, 1),   
(3014101, 1),
(3014201, 1),
(3014301, 1),
(3014401, 14),
(3014501, 1),
(3014601, 1),
(3014701, 8),     
(3014801, 8),    
(3014901, 1),                      
(3015001, 14);

INSERT INTO historia_cen (id_produktu, data_od, data_do, id_placowki, cena_netto) VALUES
(1, '2010-01-01', '2011-09-17', 1, 2.50),
(1, '2011-09-18', '2012-09-21', 1, 2.58),
(1, '2012-09-22', '2013-01-11', 1, 2.84),
(1, '2013-01-12', '2014-09-16', 1, 2.71),
(1, '2014-09-17', '2015-07-15', 1, 2.51),
(2, '2010-01-01', '2015-09-11', 1, 2.46),
(3, '2010-01-01', '2013-07-17', 1, 2.73),
(3, '2013-07-18', '2014-05-23', 1, 2.61),
(3, '2014-05-24', '2015-06-25', 1, 2.15),
(4, '2010-01-01', '2011-01-18', 1, 2.28),
(4, '2011-01-19', '2012-07-10', 1, 2.27),
(4, '2012-07-11', '2013-02-21', 1, 2.94),
(4, '2013-02-22', '2014-03-14', 1, 2.12),
(4, '2014-03-15', '2015-04-13', 1, 2.84),
(5, '2010-01-01', '2013-08-10', 1, 2.38),
(5, '2013-08-11', '2014-06-28', 1, 2.92),
(5, '2014-06-29', '2015-07-21', 1, 2.89),
(6, '2010-01-01', '2011-04-27', 1, 2.68),
(6, '2011-04-28', '2012-05-24', 1, 2.60),
(6, '2012-05-25', '2013-07-13', 1, 2.56),
(6, '2013-07-14', '2014-05-22', 1, 2.14),
(6, '2014-05-23', '2015-05-20', 1, 2.55),
(7, '2010-01-01', '2014-07-22', 1, 2.60),
(7, '2014-07-23', '2015-04-27', 1, 2.13),
(8, '2010-01-01', '2014-01-17', 1, 3.64),
(8, '2014-01-18', '2015-02-13', 1, 3.60),
(9, '2010-01-01', '2012-06-14', 1, 3.38),
(9, '2012-06-15', '2013-07-16', 1, 3.66),
(9, '2013-07-17', '2014-02-18', 1, 3.38),
(9, '2014-02-19', '2015-09-21', 1, 3.79),
(10, '2010-01-01', '2011-01-22', 1, 1.59),
(10, '2011-01-23', '2012-04-28', 1, 1.40),
(10, '2012-04-29', '2013-01-17', 1, 1.93),
(10, '2013-01-18', '2014-04-15', 1, 1.45),
(10, '2014-04-16', '2015-06-25', 1, 1.70),
(11, '2010-01-01', '2013-03-22', 1, 1.67),
(11, '2013-03-23', '2014-07-18', 1, 1.70),
(11, '2014-07-19', '2015-09-26', 1, 1.45),
(12, '2010-01-01', '2011-04-23', 1, 1.81),
(12, '2011-04-24', '2012-02-19', 1, 1.80),
(12, '2012-02-20', '2013-04-17', 1, 1.26),
(12, '2013-04-18', '2014-02-14', 1, 1.51),
(12, '2014-02-15', '2015-08-23', 1, 1.77),
(13, '2010-01-01', '2011-07-19', 1, 1.15),
(13, '2011-07-20', '2012-09-14', 1, 1.48),
(13, '2012-09-15', '2013-03-16', 1, 1.42),
(13, '2013-03-17', '2014-08-23', 1, 1.80),
(13, '2014-08-24', '2015-07-13', 1, 1.10),
(14, '2010-01-01', '2011-07-12', 1, 5.50),
(14, '2011-07-13', '2012-06-27', 1, 5.27),
(14, '2012-06-28', '2013-03-14', 1, 5.65),
(14, '2013-03-15', '2014-01-21', 1, 5.60),
(14, '2014-01-22', '2015-05-28', 1, 5.24),
(15, '2010-01-01', '2012-07-15', 1, 3.88),
(15, '2012-07-16', '2013-07-13', 1, 3.14),
(15, '2013-07-14', '2014-02-13', 1, 3.63),
(15, '2014-02-14', '2015-02-18', 1, 3.48),
(17, '2010-01-01', '2014-02-21', 1, 1.48),
(17, '2014-02-22', '2015-08-15', 1, 1.83),
(18, '2010-01-01', '2011-01-13', 1, 2.57),
(18, '2011-01-14', '2012-08-24', 1, 2.99),
(18, '2012-08-25', '2013-03-21', 1, 2.91),
(18, '2013-03-22', '2014-09-15', 1, 2.59),
(18, '2014-09-16', '2015-03-27', 1, 2.73),
(19, '2010-01-01', '2014-02-21', 1, 5.39),
(19, '2014-02-22', '2015-05-13', 1, 5.55),
(20, '2010-01-01', '2015-07-27', 1, 2.23),
(21, '2010-01-01', '2013-02-13', 1, 2.78),
(21, '2013-02-14', '2014-01-16', 1, 2.58),
(21, '2014-01-17', '2015-07-27', 1, 2.48),
(22, '2010-01-01', '2011-06-22', 1, 1.29),
(22, '2011-06-23', '2012-05-19', 1, 1.52),
(22, '2012-05-20', '2013-08-28', 1, 1.18),
(22, '2013-08-29', '2014-06-17', 1, 1.57),
(22, '2014-06-18', '2015-03-26', 1, 1.25),
(23, '2010-01-01', '2012-05-26', 1, 2.12),
(23, '2012-05-27', '2013-07-19', 1, 2.85),
(23, '2013-07-20', '2014-07-27', 1, 2.92),
(23, '2014-07-28', '2015-09-18', 1, 2.93),
(24, '2010-01-01', '2015-01-28', 1, 0.76),
(25, '2010-01-01', '2011-04-15', 1, 0.31),
(25, '2011-04-16', '2012-05-28', 1, 0.57),
(25, '2012-05-29', '2013-01-10', 1, 0.99),
(25, '2013-01-11', '2014-09-25', 1, 0.90),
(25, '2014-09-26', '2015-09-18', 1, 0.59),
(26, '2010-01-01', '2011-01-16', 1, 0.79),
(26, '2011-01-17', '2012-01-17', 1, 0.62),
(26, '2012-01-18', '2013-02-24', 1, 0.35),
(26, '2013-02-25', '2014-08-10', 1, 0.97),
(26, '2014-08-11', '2015-07-19', 1, 0.72),
(27, '2010-01-01', '2011-04-24', 1, 0.99),
(27, '2011-04-25', '2012-06-27', 1, 0.38),
(27, '2012-06-28', '2013-01-22', 1, 0.35),
(27, '2013-01-23', '2014-06-10', 1, 0.71),
(27, '2014-06-11', '2015-09-21', 1, 0.70),
(28, '2010-01-01', '2012-01-18', 1, 2.13),
(28, '2012-01-19', '2013-08-14', 1, 2.47),
(28, '2013-08-15', '2014-02-25', 1, 2.77),
(28, '2014-02-26', '2015-04-20', 1, 2.23),
(29, '2010-01-01', '2011-04-20', 1, 1.36),
(29, '2011-04-21', '2012-05-26', 1, 1.92),
(29, '2012-05-27', '2013-09-18', 1, 1.34),
(29, '2013-09-19', '2014-02-14', 1, 1.71),
(29, '2014-02-15', '2015-09-18', 1, 1.93),
(30, '2010-01-01', '2015-01-18', 1, 3.22),
(31, '2010-01-01', '2014-06-17', 1, 2.93),
(31, '2014-06-18', '2015-01-21', 1, 2.38),
(33, '2010-01-01', '2012-05-12', 1, 10.76),
(33, '2012-05-13', '2013-09-14', 1, 10.11),
(33, '2013-09-15', '2014-01-16', 1, 10.23),
(33, '2014-01-17', '2015-09-27', 1, 10.69),
(35, '2010-01-01', '2013-01-27', 1, 15.64),
(35, '2013-01-28', '2014-09-24', 1, 15.49),
(35, '2014-09-25', '2015-02-20', 1, 15.74),
(36, '2010-01-01', '2014-09-25', 1, 13.77),
(36, '2014-09-26', '2015-06-13', 1, 13.21),
(37, '2010-01-01', '2014-08-20', 1, 13.14),
(37, '2014-08-21', '2015-09-13', 1, 13.94),
(38, '2010-01-01', '2014-01-10', 1, 47.53),
(38, '2014-01-11', '2015-09-11', 1, 47.47),
(40, '2010-01-01', '2011-08-18', 1, 11.63),
(40, '2011-08-19', '2012-05-26', 1, 11.45),
(40, '2012-05-27', '2013-07-16', 1, 11.63),
(40, '2013-07-17', '2014-05-24', 1, 11.59),
(40, '2014-05-25', '2015-09-13', 1, 11.23),
(41, '2010-01-01', '2012-08-19', 1, 27.21),
(41, '2012-08-20', '2013-07-24', 1, 27.82),
(41, '2013-07-25', '2014-01-15', 1, 27.55),
(41, '2014-01-16', '2015-09-28', 1, 27.62),
(42, '2010-01-01', '2014-03-21', 1, 15.80),
(42, '2014-03-22', '2015-09-10', 1, 15.13),
(43, '2010-01-01', '2014-06-15', 1, 13.65),
(43, '2014-06-16', '2015-09-18', 1, 13.30),
(44, '2010-01-01', '2014-06-18', 1, 14.50),
(44, '2014-06-19', '2015-06-24', 1, 14.95),
(46, '2010-01-01', '2011-02-24', 1, 13.14),
(46, '2011-02-25', '2012-06-16', 1, 13.11),
(46, '2012-06-17', '2013-03-14', 1, 13.13),
(46, '2013-03-15', '2014-02-15', 1, 13.38),
(46, '2014-02-16', '2015-07-20', 1, 13.32),
(47, '2010-01-01', '2012-07-24', 1, 11.46),
(47, '2012-07-25', '2013-02-17', 1, 11.50),
(47, '2013-02-18', '2014-03-10', 1, 11.87),
(47, '2014-03-11', '2015-02-25', 1, 11.64),
(48, '2010-01-01', '2013-08-15', 1, 14.55),
(48, '2013-08-16', '2014-05-23', 1, 14.84),
(48, '2014-05-24', '2015-07-25', 1, 14.59),
(49, '2010-01-01', '2014-08-11', 1, 12.72),
(49, '2014-08-12', '2015-05-19', 1, 12.36),
(50, '2010-01-01', '2011-05-21', 1, 23.45),
(50, '2011-05-22', '2012-05-24', 1, 23.92),
(50, '2012-05-25', '2013-08-24', 1, 23.86),
(50, '2013-08-25', '2014-05-20', 1, 23.31),
(50, '2014-05-21', '2015-06-16', 1, 23.20),
(52, '2010-01-01', '2014-03-18', 1, 6.90),
(52, '2014-03-19', '2015-08-14', 1, 6.69),
(54, '2010-01-01', '2015-05-13', 1, 2.95),
(55, '2010-01-01', '2011-03-13', 1, 2.58),
(55, '2011-03-14', '2012-05-14', 1, 2.80),
(55, '2012-05-15', '2013-08-16', 1, 2.97),
(55, '2013-08-17', '2014-06-14', 1, 2.47),
(55, '2014-06-15', '2015-02-22', 1, 2.70),
(57, '2010-01-01', '2013-07-16', 1, 3.70),
(57, '2013-07-17', '2014-08-24', 1, 3.65),
(57, '2014-08-25', '2015-02-21', 1, 3.20),
(58, '2010-01-01', '2015-05-27', 1, 2.96),
(60, '2010-01-01', '2013-04-10', 1, 3.97),
(60, '2013-04-11', '2014-07-15', 1, 3.31),
(60, '2014-07-16', '2015-09-17', 1, 3.17),
(61, '2010-01-01', '2014-01-10', 1, 3.75),
(61, '2014-01-11', '2015-03-18', 1, 3.19),
(62, '2010-01-01', '2015-03-14', 1, 3.32),
(64, '2010-01-01', '2011-03-24', 1, 2.84),
(64, '2011-03-25', '2012-08-14', 1, 2.62),
(64, '2012-08-15', '2013-02-15', 1, 2.42),
(64, '2013-02-16', '2014-03-14', 1, 2.63),
(64, '2014-03-15', '2015-03-17', 1, 2.87),
(66, '2010-01-01', '2015-06-10', 1, 23.12),
(68, '2010-01-01', '2015-08-26', 1, 3.49),
(69, '2010-01-01', '2011-09-20', 1, 1.16),
(69, '2011-09-21', '2012-03-15', 1, 1.23),
(69, '2012-03-16', '2013-01-23', 1, 1.59),
(69, '2013-01-24', '2014-04-24', 1, 1.54),
(69, '2014-04-25', '2015-09-20', 1, 1.76),
(70, '2010-01-01', '2015-07-27', 1, 1.42),
(72, '2010-01-01', '2011-04-21', 1, 1.91),
(72, '2011-04-22', '2012-02-13', 1, 1.12),
(72, '2012-02-14', '2013-06-14', 1, 1.17),
(72, '2013-06-15', '2014-04-27', 1, 1.52),
(72, '2014-04-28', '2015-03-15', 1, 1.83),
(73, '2010-01-01', '2014-08-11', 1, 2.12),
(73, '2014-08-12', '2015-03-12', 1, 2.37),
(74, '2010-01-01', '2012-06-20', 1, 2.39),
(74, '2012-06-21', '2013-09-24', 1, 2.38),
(74, '2013-09-25', '2014-03-24', 1, 2.67),
(74, '2014-03-25', '2015-07-27', 1, 2.35),
(75, '2010-01-01', '2013-01-22', 1, 3.20),
(75, '2013-01-23', '2014-04-20', 1, 3.75),
(75, '2014-04-21', '2015-03-11', 1, 3.55),
(76, '2010-01-01', '2012-05-13', 1, 3.59),
(76, '2012-05-14', '2013-07-22', 1, 3.52),
(76, '2013-07-23', '2014-04-22', 1, 3.46),
(76, '2014-04-23', '2015-02-21', 1, 3.87),
(77, '2010-01-01', '2013-03-14', 1, 4.13),
(77, '2013-03-15', '2014-06-15', 1, 4.57),
(77, '2014-06-16', '2015-02-10', 1, 4.33),
(78, '2010-01-01', '2012-04-25', 1, 3.92),
(78, '2012-04-26', '2013-01-20', 1, 3.68),
(78, '2013-01-21', '2014-02-27', 1, 3.95),
(78, '2014-02-28', '2015-04-23', 1, 3.50),
(79, '2010-01-01', '2011-07-10', 1, 2.63),
(79, '2011-07-11', '2012-09-25', 1, 2.46),
(79, '2012-09-26', '2013-06-14', 1, 2.41),
(79, '2013-06-15', '2014-04-10', 1, 2.24),
(79, '2014-04-11', '2015-01-10', 1, 2.43),
(80, '2010-01-01', '2015-09-22', 1, 2.62),
(82, '2010-01-01', '2011-08-10', 1, 4.43),
(82, '2011-08-11', '2012-02-18', 1, 4.97),
(82, '2012-02-19', '2013-04-16', 1, 4.11),
(82, '2013-04-17', '2014-09-28', 1, 4.15),
(82, '2014-09-29', '2015-09-13', 1, 4.96),
(84, '2010-01-01', '2011-08-17', 1, 4.45),
(84, '2011-08-18', '2012-03-13', 1, 4.85),
(84, '2012-03-14', '2013-01-18', 1, 4.48),
(84, '2013-01-19', '2014-05-26', 1, 4.71),
(84, '2014-05-27', '2015-01-14', 1, 4.92),
(85, '2010-01-01', '2014-05-23', 1, 2.73),
(85, '2014-05-24', '2015-04-13', 1, 2.33),
(86, '2010-01-01', '2011-09-18', 1, 4.75),
(86, '2011-09-19', '2012-04-19', 1, 4.43),
(86, '2012-04-20', '2013-04-27', 1, 4.73),
(86, '2013-04-28', '2014-02-18', 1, 4.13),
(86, '2014-02-19', '2015-01-17', 1, 4.68),
(87, '2010-01-01', '2014-06-17', 1, 10.81),
(87, '2014-06-18', '2015-04-20', 1, 10.18),
(88, '2010-01-01', '2012-07-17', 1, 4.73),
(88, '2012-07-18', '2013-02-18', 1, 4.38),
(88, '2013-02-19', '2014-05-24', 1, 4.93),
(88, '2014-05-25', '2015-09-12', 1, 4.75),
(90, '2010-01-01', '2015-07-24', 1, 5.98),
(91, '2010-01-01', '2013-03-24', 1, 10.26),
(91, '2013-03-25', '2014-04-12', 1, 10.18),
(91, '2014-04-13', '2015-03-18', 1, 10.65),
(92, '2010-01-01', '2013-06-25', 1, 11.56),
(92, '2013-06-26', '2014-09-25', 1, 11.64),
(92, '2014-09-26', '2015-06-10', 1, 11.13),
(93, '2010-01-01', '2014-03-13', 1, 10.62),
(93, '2014-03-14', '2015-06-24', 1, 10.83),
(94, '2010-01-01', '2013-05-27', 1, 11.26),
(94, '2013-05-28', '2014-05-24', 1, 11.43),
(94, '2014-05-25', '2015-06-10', 1, 11.76),
(95, '2010-01-01', '2011-08-19', 1, 12.76),
(95, '2011-08-20', '2012-02-25', 1, 12.68),
(95, '2012-02-26', '2013-08-16', 1, 12.55),
(95, '2013-08-17', '2014-07-19', 1, 12.31),
(95, '2014-07-20', '2015-01-26', 1, 12.67),
(96, '2010-01-01', '2012-08-26', 1, 9.92),
(96, '2012-08-27', '2013-08-16', 1, 9.13),
(96, '2013-08-17', '2014-06-10', 1, 9.68),
(96, '2014-06-11', '2015-09-13', 1, 9.64),
(97, '2010-01-01', '2015-03-17', 1, 6.46),
(98, '2010-01-01', '2012-01-15', 1, 4.83),
(98, '2012-01-16', '2013-02-22', 1, 4.50),
(98, '2013-02-23', '2014-03-10', 1, 4.38),
(98, '2014-03-11', '2015-03-16', 1, 4.51),
(100, '2010-01-01', '2011-05-13', 1, 4.99),
(100, '2011-05-14', '2012-08-18', 1, 4.59),
(100, '2012-08-19', '2013-01-19', 1, 4.73),
(100, '2013-01-20', '2014-03-26', 1, 4.12),
(100, '2014-03-27', '2015-03-22', 1, 4.29),
(101, '2010-01-01', '2014-01-18', 1, 3.39),
(101, '2014-01-19', '2015-05-12', 1, 3.85),
(102, '2010-01-01', '2015-09-14', 1, 9.25),
(103, '2010-01-01', '2011-03-13', 1, 2.42),
(103, '2011-03-14', '2012-08-28', 1, 2.30),
(103, '2012-08-29', '2013-07-12', 1, 2.98),
(103, '2013-07-13', '2014-08-17', 1, 2.23),
(103, '2014-08-18', '2015-04-28', 1, 2.17),
(104, '2010-01-01', '2013-05-23', 1, 8.31),
(104, '2013-05-24', '2014-03-22', 1, 8.25),
(104, '2014-03-23', '2015-04-16', 1, 8.70),
(105, '2010-01-01', '2013-09-19', 1, 9.12),
(105, '2013-09-20', '2014-02-21', 1, 9.20),
(105, '2014-02-22', '2015-05-27', 1, 9.20),
(106, '2010-01-01', '2015-05-15', 1, 2.35),
(107, '2010-01-01', '2011-02-11', 1, 1.43),
(107, '2011-02-12', '2012-06-28', 1, 1.52),
(107, '2012-06-29', '2013-05-28', 1, 1.23),
(107, '2013-05-29', '2014-01-12', 1, 1.50),
(107, '2014-01-13', '2015-05-17', 1, 1.38),
(108, '2010-01-01', '2014-02-27', 1, 2.41),
(108, '2014-02-28', '2015-05-20', 1, 2.91),
(109, '2010-01-01', '2011-08-19', 1, 2.85),
(109, '2011-08-20', '2012-03-11', 1, 2.56),
(109, '2012-03-12', '2013-06-27', 1, 2.88),
(109, '2013-06-28', '2014-07-10', 1, 2.16),
(109, '2014-07-11', '2015-03-18', 1, 2.19),
(110, '2010-01-01', '2013-08-13', 1, 2.44),
(110, '2013-08-14', '2014-01-17', 1, 2.16),
(110, '2014-01-18', '2015-04-21', 1, 2.16),
(111, '2010-01-01', '2012-09-27', 1, 1.84),
(111, '2012-09-28', '2013-09-15', 1, 1.91),
(111, '2013-09-16', '2014-08-25', 1, 1.44),
(111, '2014-08-26', '2015-06-19', 1, 1.92),
(112, '2010-01-01', '2011-07-11', 1, 1.85),
(112, '2011-07-12', '2012-02-27', 1, 1.91),
(112, '2012-02-28', '2013-01-23', 1, 1.58),
(112, '2013-01-24', '2014-05-16', 1, 1.17),
(112, '2014-05-17', '2015-01-15', 1, 1.86),
(113, '2010-01-01', '2014-04-10', 1, 3.44),
(113, '2014-04-11', '2015-04-26', 1, 3.63),
(114, '2010-01-01', '2014-02-19', 1, 3.65),
(114, '2014-02-20', '2015-03-11', 1, 3.31),
(115, '2010-01-01', '2014-02-27', 1, 2.69),
(115, '2014-02-28', '2015-03-13', 1, 2.14),
(116, '2010-01-01', '2011-09-28', 1, 3.19),
(116, '2011-09-29', '2012-05-23', 1, 3.28),
(116, '2012-05-24', '2013-04-18', 1, 3.18),
(116, '2013-04-19', '2014-02-21', 1, 3.92),
(116, '2014-02-22', '2015-03-27', 1, 3.62),
(118, '2010-01-01', '2014-06-21', 1, 2.37),
(118, '2014-06-22', '2015-02-19', 1, 2.37),
(120, '2010-01-01', '2014-07-18', 1, 4.88),
(120, '2014-07-19', '2015-01-27', 1, 4.28),
(121, '2010-01-01', '2012-01-15', 1, 4.85),
(121, '2012-01-16', '2013-06-20', 1, 4.26),
(121, '2013-06-21', '2014-02-21', 1, 4.17),
(121, '2014-02-22', '2015-08-10', 1, 4.96),
(122, '2010-01-01', '2014-04-25', 1, 3.38),
(122, '2014-04-26', '2015-05-20', 1, 3.60),
(123, '2010-01-01', '2012-01-16', 1, 5.45),
(123, '2012-01-17', '2013-03-23', 1, 5.51),
(123, '2013-03-24', '2014-03-11', 1, 5.26),
(123, '2014-03-12', '2015-03-14', 1, 5.48),
(124, '2010-01-01', '2013-08-28', 1, 3.55),
(124, '2013-08-29', '2014-09-17', 1, 3.35),
(124, '2014-09-18', '2015-01-18', 1, 3.14),
(126, '2010-01-01', '2011-06-16', 1, 3.82),
(126, '2011-06-17', '2012-05-20', 1, 3.49),
(126, '2012-05-21', '2013-01-17', 1, 3.73),
(126, '2013-01-18', '2014-01-17', 1, 3.75),
(126, '2014-01-18', '2015-03-25', 1, 3.56),
(127, '2010-01-01', '2015-01-15', 1, 4.86),
(130, '2010-01-01', '2015-06-12', 1, 6.85),
(131, '2010-01-01', '2011-06-26', 1, 6.23),
(131, '2011-06-27', '2012-09-24', 1, 6.58),
(131, '2012-09-25', '2013-05-25', 1, 6.75),
(131, '2013-05-26', '2014-09-10', 1, 6.42),
(131, '2014-09-11', '2015-05-25', 1, 6.76),
(132, '2010-01-01', '2012-04-27', 1, 8.70),
(132, '2012-04-28', '2013-06-19', 1, 8.53),
(132, '2013-06-20', '2014-05-13', 1, 8.49),
(132, '2014-05-14', '2015-05-27', 1, 8.35),
(133, '2010-01-01', '2015-08-15', 1, 4.95),
(134, '2010-01-01', '2011-04-18', 1, 5.73),
(134, '2011-04-19', '2012-01-10', 1, 5.70),
(134, '2012-01-11', '2013-04-26', 1, 5.29),
(134, '2013-04-27', '2014-04-22', 1, 5.68),
(134, '2014-04-23', '2015-08-11', 1, 5.88),
(135, '2010-01-01', '2012-08-20', 1, 4.94),
(135, '2012-08-21', '2013-05-26', 1, 4.72),
(135, '2013-05-27', '2014-07-17', 1, 4.25),
(135, '2014-07-18', '2015-05-10', 1, 4.24),
(136, '2010-01-01', '2012-05-24', 1, 3.34),
(136, '2012-05-25', '2013-07-22', 1, 3.32),
(136, '2013-07-23', '2014-06-22', 1, 3.79),
(136, '2014-06-23', '2015-01-14', 1, 3.64),
(138, '2010-01-01', '2011-08-21', 1, 3.32),
(138, '2011-08-22', '2012-09-22', 1, 3.28),
(138, '2012-09-23', '2013-09-25', 1, 3.37),
(138, '2013-09-26', '2014-01-17', 1, 3.28),
(138, '2014-01-18', '2015-07-27', 1, 3.74),
(139, '2010-01-01', '2014-03-16', 1, 2.68),
(139, '2014-03-17', '2015-06-26', 1, 2.76),
(140, '2010-01-01', '2012-01-13', 1, 1.17),
(140, '2012-01-14', '2013-03-14', 1, 1.24),
(140, '2013-03-15', '2014-01-15', 1, 1.23),
(140, '2014-01-16', '2015-06-24', 1, 1.46),
(141, '2010-01-01', '2011-03-22', 1, 2.82),
(141, '2011-03-23', '2012-05-23', 1, 2.50),
(141, '2012-05-24', '2013-08-25', 1, 2.16),
(141, '2013-08-26', '2014-06-24', 1, 2.14),
(141, '2014-06-25', '2015-07-22', 1, 2.49),
(142, '2010-01-01', '2013-02-12', 1, 1.88),
(142, '2013-02-13', '2014-01-18', 1, 1.76),
(142, '2014-01-19', '2015-08-23', 1, 1.87),
(143, '2010-01-01', '2014-05-10', 1, 10.72),
(143, '2014-05-11', '2015-02-17', 1, 10.78),
(144, '2010-01-01', '2015-05-13', 1, 2.98),
(145, '2010-01-01', '2013-02-24', 1, 5.11),
(145, '2013-02-25', '2014-04-20', 1, 5.51),
(145, '2014-04-21', '2015-08-20', 1, 5.42),
(146, '2010-01-01', '2014-03-26', 1, 3.25),
(146, '2014-03-27', '2015-09-15', 1, 3.93),
(147, '2010-01-01', '2012-03-25', 1, 3.70),
(147, '2012-03-26', '2013-08-28', 1, 3.57),
(147, '2013-08-29', '2014-09-16', 1, 3.82),
(147, '2014-09-17', '2015-01-23', 1, 3.40),
(148, '2010-01-01', '2013-06-15', 1, 2.59),
(148, '2013-06-16', '2014-09-20', 1, 2.87),
(148, '2014-09-21', '2015-01-27', 1, 2.22),
(1, '2010-01-01', '2011-05-21', 2, 2.82),
(1, '2011-05-22', '2012-02-23', 2, 2.15),
(1, '2012-02-24', '2013-06-25', 2, 2.76),
(1, '2013-06-26', '2014-01-12', 2, 2.42),
(1, '2014-01-13', '2015-06-28', 2, 2.50),
(2, '2010-01-01', '2015-06-16', 2, 2.71),
(4, '2010-01-01', '2015-05-19', 2, 2.55),
(5, '2010-01-01', '2011-05-10', 2, 2.26),
(5, '2011-05-11', '2012-01-23', 2, 2.89),
(5, '2012-01-24', '2013-03-18', 2, 2.70),
(5, '2013-03-19', '2014-04-27', 2, 2.61),
(5, '2014-04-28', '2015-08-28', 2, 2.26),
(6, '2010-01-01', '2013-02-14', 2, 2.95),
(6, '2013-02-15', '2014-07-14', 2, 2.62),
(6, '2014-07-15', '2015-03-14', 2, 2.54),
(7, '2010-01-01', '2012-07-10', 2, 2.43),
(7, '2012-07-11', '2013-04-13', 2, 2.81),
(7, '2013-04-14', '2014-07-26', 2, 2.76),
(7, '2014-07-27', '2015-06-22', 2, 2.59),
(10, '2010-01-01', '2011-08-27', 2, 1.56),
(10, '2011-08-28', '2012-04-19', 2, 1.15),
(10, '2012-04-20', '2013-04-20', 2, 1.40),
(10, '2013-04-21', '2014-07-18', 2, 1.11),
(10, '2014-07-19', '2015-02-19', 2, 1.92),
(11, '2010-01-01', '2011-09-25', 2, 1.40),
(11, '2011-09-26', '2012-06-16', 2, 1.75),
(11, '2012-06-17', '2013-03-18', 2, 1.78),
(11, '2013-03-19', '2014-01-16', 2, 1.20),
(11, '2014-01-17', '2015-04-18', 2, 1.25),
(12, '2010-01-01', '2014-06-28', 2, 1.10),
(12, '2014-06-29', '2015-03-18', 2, 1.15),
(13, '2010-01-01', '2014-03-18', 2, 1.82),
(13, '2014-03-19', '2015-05-18', 2, 1.92),
(14, '2010-01-01', '2012-05-19', 2, 5.41),
(14, '2012-05-20', '2013-01-27', 2, 5.99),
(14, '2013-01-28', '2014-04-12', 2, 5.41),
(14, '2014-04-13', '2015-08-12', 2, 5.26),
(15, '2010-01-01', '2012-02-27', 2, 3.12),
(15, '2012-02-28', '2013-01-22', 2, 3.45),
(15, '2013-01-23', '2014-04-22', 2, 3.10),
(15, '2014-04-23', '2015-04-26', 2, 3.38),
(16, '2010-01-01', '2011-08-21', 2, 4.22),
(16, '2011-08-22', '2012-09-14', 2, 4.66),
(16, '2012-09-15', '2013-05-23', 2, 4.26),
(16, '2013-05-24', '2014-02-20', 2, 4.75),
(16, '2014-02-21', '2015-09-21', 2, 4.58),
(17, '2010-01-01', '2013-01-17', 2, 1.79),
(17, '2013-01-18', '2014-06-19', 2, 1.83),
(17, '2014-06-20', '2015-02-24', 2, 1.33),
(18, '2010-01-01', '2012-09-18', 2, 2.77),
(18, '2012-09-19', '2013-07-24', 2, 2.38),
(18, '2013-07-25', '2014-07-10', 2, 2.41),
(18, '2014-07-11', '2015-07-22', 2, 2.93),
(19, '2010-01-01', '2012-08-12', 2, 5.35),
(19, '2012-08-13', '2013-03-12', 2, 5.30),
(19, '2013-03-13', '2014-09-13', 2, 5.67),
(19, '2014-09-14', '2015-09-13', 2, 5.23),
(20, '2010-01-01', '2011-09-12', 2, 2.91),
(20, '2011-09-13', '2012-07-15', 2, 2.71),
(20, '2012-07-16', '2013-04-15', 2, 2.31),
(20, '2013-04-16', '2014-04-25', 2, 2.72),
(20, '2014-04-26', '2015-03-20', 2, 2.45),
(21, '2010-01-01', '2011-02-17', 2, 2.26),
(21, '2011-02-18', '2012-02-10', 2, 2.56),
(21, '2012-02-11', '2013-01-12', 2, 2.76),
(21, '2013-01-13', '2014-03-22', 2, 2.34),
(21, '2014-03-23', '2015-05-16', 2, 2.59),
(22, '2010-01-01', '2014-09-13', 2, 1.27),
(22, '2014-09-14', '2015-02-11', 2, 1.94),
(24, '2010-01-01', '2014-09-23', 2, 0.48),
(24, '2014-09-24', '2015-01-28', 2, 0.95),
(25, '2010-01-01', '2014-03-23', 2, 0.20),
(25, '2014-03-24', '2015-02-15', 2, 0.65),
(26, '2010-01-01', '2015-04-18', 2, 0.81),
(27, '2010-01-01', '2015-09-21', 2, 0.66),
(28, '2010-01-01', '2011-05-15', 2, 2.94),
(28, '2011-05-16', '2012-08-18', 2, 2.41),
(28, '2012-08-19', '2013-09-10', 2, 2.95),
(28, '2013-09-11', '2014-05-28', 2, 2.64),
(28, '2014-05-29', '2015-06-17', 2, 2.38),
(30, '2010-01-01', '2013-06-20', 2, 3.87),
(30, '2013-06-21', '2014-06-23', 2, 3.75),
(30, '2014-06-24', '2015-06-22', 2, 3.41),
(31, '2010-01-01', '2015-07-15', 2, 2.61),
(32, '2010-01-01', '2013-01-11', 2, 13.32),
(32, '2013-01-12', '2014-09-19', 2, 13.53),
(32, '2014-09-20', '2015-01-27', 2, 13.25),
(33, '2010-01-01', '2015-09-22', 2, 10.11),
(36, '2010-01-01', '2014-05-12', 2, 13.90),
(36, '2014-05-13', '2015-07-20', 2, 13.91),
(37, '2010-01-01', '2013-08-12', 2, 13.46),
(37, '2013-08-13', '2014-02-12', 2, 13.40),
(37, '2014-02-13', '2015-05-23', 2, 13.29),
(38, '2010-01-01', '2011-02-25', 2, 47.46),
(38, '2011-02-26', '2012-08-17', 2, 47.94),
(38, '2012-08-18', '2013-08-17', 2, 47.40),
(38, '2013-08-18', '2014-04-16', 2, 47.65),
(38, '2014-04-17', '2015-04-23', 2, 47.69),
(40, '2010-01-01', '2012-04-11', 2, 11.10),
(40, '2012-04-12', '2013-05-26', 2, 11.35),
(40, '2013-05-27', '2014-03-19', 2, 11.46),
(40, '2014-03-20', '2015-07-14', 2, 11.78),
(43, '2010-01-01', '2012-05-20', 2, 13.10),
(43, '2012-05-21', '2013-06-21', 2, 13.33),
(43, '2013-06-22', '2014-09-17', 2, 13.35),
(43, '2014-09-18', '2015-03-21', 2, 13.87),
(44, '2010-01-01', '2011-03-28', 2, 14.18),
(44, '2011-03-29', '2012-08-21', 2, 14.65),
(44, '2012-08-22', '2013-02-27', 2, 14.29),
(44, '2013-02-28', '2014-08-20', 2, 14.35),
(44, '2014-08-21', '2015-07-11', 2, 14.32),
(45, '2010-01-01', '2013-04-12', 2, 17.78),
(45, '2013-04-13', '2014-09-18', 2, 17.57),
(45, '2014-09-19', '2015-04-28', 2, 17.70),
(46, '2010-01-01', '2011-07-25', 2, 13.35),
(46, '2011-07-26', '2012-03-21', 2, 13.29),
(46, '2012-03-22', '2013-08-26', 2, 13.51),
(46, '2013-08-27', '2014-05-27', 2, 13.62),
(46, '2014-05-28', '2015-06-27', 2, 13.89),
(47, '2010-01-01', '2013-05-24', 2, 11.23),
(47, '2013-05-25', '2014-09-16', 2, 11.58),
(47, '2014-09-17', '2015-05-27', 2, 11.39),
(50, '2010-01-01', '2011-06-24', 2, 23.87),
(50, '2011-06-25', '2012-02-27', 2, 23.36),
(50, '2012-02-28', '2013-01-15', 2, 23.70),
(50, '2013-01-16', '2014-03-22', 2, 23.18),
(50, '2014-03-23', '2015-06-21', 2, 23.45),
(51, '2010-01-01', '2015-04-15', 2, 10.19),
(52, '2010-01-01', '2013-02-13', 2, 6.66),
(52, '2013-02-14', '2014-06-24', 2, 6.97),
(52, '2014-06-25', '2015-08-11', 2, 6.28),
(53, '2010-01-01', '2011-07-24', 2, 2.40),
(53, '2011-07-25', '2012-06-13', 2, 2.31),
(53, '2012-06-14', '2013-08-18', 2, 2.97),
(53, '2013-08-19', '2014-06-28', 2, 2.11),
(53, '2014-06-29', '2015-09-12', 2, 2.45),
(54, '2010-01-01', '2015-08-13', 2, 2.94),
(55, '2010-01-01', '2012-05-24', 2, 2.24),
(55, '2012-05-25', '2013-02-27', 2, 2.90),
(55, '2013-02-28', '2014-09-14', 2, 2.27),
(55, '2014-09-15', '2015-02-27', 2, 2.71),
(56, '2010-01-01', '2011-07-10', 2, 3.81),
(56, '2011-07-11', '2012-02-27', 2, 3.55),
(56, '2012-02-28', '2013-08-11', 2, 3.11),
(56, '2013-08-12', '2014-02-16', 2, 3.91),
(56, '2014-02-17', '2015-03-28', 2, 3.73),
(57, '2010-01-01', '2014-07-18', 2, 3.88),
(57, '2014-07-19', '2015-01-13', 2, 3.47),
(58, '2010-01-01', '2011-07-21', 2, 2.70),
(58, '2011-07-22', '2012-02-22', 2, 2.44),
(58, '2012-02-23', '2013-07-24', 2, 2.18),
(58, '2013-07-25', '2014-08-14', 2, 2.90),
(58, '2014-08-15', '2015-07-18', 2, 2.84),
(61, '2010-01-01', '2015-07-24', 2, 3.76),
(62, '2010-01-01', '2014-06-26', 2, 3.13),
(62, '2014-06-27', '2015-02-20', 2, 3.89),
(64, '2010-01-01', '2012-01-14', 2, 2.94),
(64, '2012-01-15', '2013-07-22', 2, 2.43),
(64, '2013-07-23', '2014-04-18', 2, 2.31),
(64, '2014-04-19', '2015-07-28', 2, 2.94),
(65, '2010-01-01', '2015-06-12', 2, 3.91),
(68, '2010-01-01', '2011-04-15', 2, 3.67),
(68, '2011-04-16', '2012-03-24', 2, 3.98),
(68, '2012-03-25', '2013-03-26', 2, 3.89),
(68, '2013-03-27', '2014-04-12', 2, 3.61),
(68, '2014-04-13', '2015-01-24', 2, 3.50),
(69, '2010-01-01', '2015-01-22', 2, 1.76),
(70, '2010-01-01', '2014-08-27', 2, 1.44),
(70, '2014-08-28', '2015-04-27', 2, 1.70),
(71, '2010-01-01', '2012-09-17', 2, 1.59),
(71, '2012-09-18', '2013-01-13', 2, 1.42),
(71, '2013-01-14', '2014-01-20', 2, 1.47),
(71, '2014-01-21', '2015-09-19', 2, 1.53),
(72, '2010-01-01', '2011-09-13', 2, 1.83),
(72, '2011-09-14', '2012-06-18', 2, 1.39),
(72, '2012-06-19', '2013-04-12', 2, 1.78),
(72, '2013-04-13', '2014-04-22', 2, 1.69),
(72, '2014-04-23', '2015-05-24', 2, 1.33),
(73, '2010-01-01', '2012-09-22', 2, 2.88),
(73, '2012-09-23', '2013-09-13', 2, 2.78),
(73, '2013-09-14', '2014-03-26', 2, 2.43),
(73, '2014-03-27', '2015-04-22', 2, 2.69),
(74, '2010-01-01', '2014-05-11', 2, 2.41),
(74, '2014-05-12', '2015-05-15', 2, 2.61),
(75, '2010-01-01', '2015-09-10', 2, 3.56),
(76, '2010-01-01', '2012-05-15', 2, 3.66),
(76, '2012-05-16', '2013-07-13', 2, 3.52),
(76, '2013-07-14', '2014-08-10', 2, 3.75),
(76, '2014-08-11', '2015-06-13', 2, 3.32),
(77, '2010-01-01', '2011-04-11', 2, 4.18),
(77, '2011-04-12', '2012-04-12', 2, 4.85),
(77, '2012-04-13', '2013-09-21', 2, 4.57),
(77, '2013-09-22', '2014-05-26', 2, 4.23),
(77, '2014-05-27', '2015-02-17', 2, 4.17),
(78, '2010-01-01', '2013-04-22', 2, 3.73),
(78, '2013-04-23', '2014-07-28', 2, 3.50),
(78, '2014-07-29', '2015-06-25', 2, 3.57),
(79, '2010-01-01', '2014-01-27', 2, 2.92),
(79, '2014-01-28', '2015-09-24', 2, 2.36),
(80, '2010-01-01', '2015-05-17', 2, 2.91),
(81, '2010-01-01', '2015-05-20', 2, 2.80),
(82, '2010-01-01', '2015-09-18', 2, 4.53),
(83, '2010-01-01', '2011-03-28', 2, 4.89),
(83, '2011-03-29', '2012-04-28', 2, 4.28),
(83, '2012-04-29', '2013-04-25', 2, 4.53),
(83, '2013-04-26', '2014-03-12', 2, 4.33),
(83, '2014-03-13', '2015-08-10', 2, 4.22),
(84, '2010-01-01', '2015-01-19', 2, 4.18),
(85, '2010-01-01', '2011-03-19', 2, 2.22),
(85, '2011-03-20', '2012-02-14', 2, 2.22),
(85, '2012-02-15', '2013-05-19', 2, 2.22),
(85, '2013-05-20', '2014-08-24', 2, 2.75),
(85, '2014-08-25', '2015-07-25', 2, 2.41),
(86, '2010-01-01', '2014-01-16', 2, 4.68),
(86, '2014-01-17', '2015-01-24', 2, 4.47),
(87, '2010-01-01', '2015-03-12', 2, 10.65),
(89, '2010-01-01', '2011-07-13', 2, 8.91),
(89, '2011-07-14', '2012-06-19', 2, 8.64),
(89, '2012-06-20', '2013-04-14', 2, 8.32),
(89, '2013-04-15', '2014-09-15', 2, 8.29),
(89, '2014-09-16', '2015-08-12', 2, 8.79),
(90, '2010-01-01', '2012-04-24', 2, 5.99),
(90, '2012-04-25', '2013-07-21', 2, 5.93),
(90, '2013-07-22', '2014-05-17', 2, 5.30),
(90, '2014-05-18', '2015-05-12', 2, 5.51),
(91, '2010-01-01', '2015-08-20', 2, 10.93),
(92, '2010-01-01', '2012-03-19', 2, 11.93),
(92, '2012-03-20', '2013-06-14', 2, 11.43),
(92, '2013-06-15', '2014-05-18', 2, 11.22),
(92, '2014-05-19', '2015-05-14', 2, 11.52),
(93, '2010-01-01', '2011-06-21', 2, 10.86),
(93, '2011-06-22', '2012-06-17', 2, 10.10),
(93, '2012-06-18', '2013-09-14', 2, 10.78),
(93, '2013-09-15', '2014-05-10', 2, 10.37),
(93, '2014-05-11', '2015-04-19', 2, 10.12),
(94, '2010-01-01', '2014-08-20', 2, 11.42),
(94, '2014-08-21', '2015-04-11', 2, 11.96),
(95, '2010-01-01', '2012-03-16', 2, 12.12),
(95, '2012-03-17', '2013-01-10', 2, 12.59),
(95, '2013-01-11', '2014-03-25', 2, 12.12),
(95, '2014-03-26', '2015-06-17', 2, 12.33),
(97, '2010-01-01', '2014-02-26', 2, 6.32),
(97, '2014-02-27', '2015-01-11', 2, 6.74),
(98, '2010-01-01', '2011-02-16', 2, 4.81),
(98, '2011-02-17', '2012-05-20', 2, 4.87),
(98, '2012-05-21', '2013-04-14', 2, 4.79),
(98, '2013-04-15', '2014-07-16', 2, 4.13),
(98, '2014-07-17', '2015-02-20', 2, 4.50),
(100, '2010-01-01', '2013-01-27', 2, 4.11),
(100, '2013-01-28', '2014-02-26', 2, 4.87),
(100, '2014-02-27', '2015-01-20', 2, 4.73),
(101, '2010-01-01', '2012-05-19', 2, 3.93),
(101, '2012-05-20', '2013-05-10', 2, 3.91),
(101, '2013-05-11', '2014-07-15', 2, 3.56),
(101, '2014-07-16', '2015-09-19', 2, 3.81),
(102, '2010-01-01', '2012-02-25', 2, 9.23),
(102, '2012-02-26', '2013-01-18', 2, 9.61),
(102, '2013-01-19', '2014-05-20', 2, 9.67),
(102, '2014-05-21', '2015-05-22', 2, 9.19),
(104, '2010-01-01', '2015-06-13', 2, 8.90),
(105, '2010-01-01', '2015-05-25', 2, 9.80),
(107, '2010-01-01', '2013-04-25', 2, 1.80),
(107, '2013-04-26', '2014-09-25', 2, 1.51),
(107, '2014-09-26', '2015-06-26', 2, 1.53),
(109, '2010-01-01', '2013-07-22', 2, 2.30),
(109, '2013-07-23', '2014-01-16', 2, 2.55),
(109, '2014-01-17', '2015-06-22', 2, 2.30),
(110, '2010-01-01', '2012-07-15', 2, 2.45),
(110, '2012-07-16', '2013-05-14', 2, 2.71),
(110, '2013-05-15', '2014-02-20', 2, 2.53),
(110, '2014-02-21', '2015-03-18', 2, 2.82),
(111, '2010-01-01', '2011-01-13', 2, 1.13),
(111, '2011-01-14', '2012-01-25', 2, 1.24),
(111, '2012-01-26', '2013-09-14', 2, 1.38),
(111, '2013-09-15', '2014-09-20', 2, 1.19),
(111, '2014-09-21', '2015-02-25', 2, 1.71),
(112, '2010-01-01', '2013-06-15', 2, 1.79),
(112, '2013-06-16', '2014-03-23', 2, 1.63),
(112, '2014-03-24', '2015-04-12', 2, 1.74),
(113, '2010-01-01', '2015-07-28', 2, 3.37),
(114, '2010-01-01', '2012-09-13', 2, 3.86),
(114, '2012-09-14', '2013-03-13', 2, 3.63),
(114, '2013-03-14', '2014-01-22', 2, 3.87),
(114, '2014-01-23', '2015-05-27', 2, 3.80),
(115, '2010-01-01', '2015-06-26', 2, 2.37),
(116, '2010-01-01', '2015-03-26', 2, 3.14),
(117, '2010-01-01', '2015-03-19', 2, 3.49),
(119, '2010-01-01', '2011-07-19', 2, 2.50),
(119, '2011-07-20', '2012-03-26', 2, 2.75),
(119, '2012-03-27', '2013-09-19', 2, 2.83),
(119, '2013-09-20', '2014-07-12', 2, 2.10),
(119, '2014-07-13', '2015-07-18', 2, 2.25),
(120, '2010-01-01', '2013-08-10', 2, 4.59),
(120, '2013-08-11', '2014-07-10', 2, 4.35),
(120, '2014-07-11', '2015-09-24', 2, 4.66),
(121, '2010-01-01', '2013-06-18', 2, 4.42),
(121, '2013-06-19', '2014-05-16', 2, 4.64),
(121, '2014-05-17', '2015-02-25', 2, 4.32),
(122, '2010-01-01', '2013-02-25', 2, 3.19),
(122, '2013-02-26', '2014-08-25', 2, 3.95),
(122, '2014-08-26', '2015-08-15', 2, 3.15),
(124, '2010-01-01', '2015-05-22', 2, 3.67),
(125, '2010-01-01', '2011-07-15', 2, 5.95),
(125, '2011-07-16', '2012-08-23', 2, 5.41),
(125, '2012-08-24', '2013-02-10', 2, 5.44),
(125, '2013-02-11', '2014-04-17', 2, 5.91),
(125, '2014-04-18', '2015-05-20', 2, 5.25),
(126, '2010-01-01', '2014-08-13', 2, 3.83),
(126, '2014-08-14', '2015-06-13', 2, 3.58),
(127, '2010-01-01', '2011-08-17', 2, 4.62),
(127, '2011-08-18', '2012-01-13', 2, 4.66),
(127, '2012-01-14', '2013-06-12', 2, 4.95),
(127, '2013-06-13', '2014-03-28', 2, 4.49),
(127, '2014-03-29', '2015-09-22', 2, 4.19),
(128, '2010-01-01', '2015-08-20', 2, 3.92),
(129, '2010-01-01', '2014-04-20', 2, 3.88),
(129, '2014-04-21', '2015-06-18', 2, 3.98),
(130, '2010-01-01', '2013-04-17', 2, 6.74),
(130, '2013-04-18', '2014-07-25', 2, 6.32),
(130, '2014-07-26', '2015-01-17', 2, 6.38),
(131, '2010-01-01', '2011-07-16', 2, 6.26),
(131, '2011-07-17', '2012-08-15', 2, 6.75),
(131, '2012-08-16', '2013-02-18', 2, 6.80),
(131, '2013-02-19', '2014-06-11', 2, 6.82),
(131, '2014-06-12', '2015-08-25', 2, 6.64),
(132, '2010-01-01', '2012-09-17', 2, 8.53),
(132, '2012-09-18', '2013-09-28', 2, 8.29),
(132, '2013-09-29', '2014-03-19', 2, 8.83),
(132, '2014-03-20', '2015-02-27', 2, 8.39),
(133, '2010-01-01', '2015-02-27', 2, 4.74),
(134, '2010-01-01', '2013-04-26', 2, 5.29),
(134, '2013-04-27', '2014-05-13', 2, 5.75),
(134, '2014-05-14', '2015-09-14', 2, 5.49),
(135, '2010-01-01', '2012-07-11', 2, 4.41),
(135, '2012-07-12', '2013-04-13', 2, 4.17),
(135, '2013-04-14', '2014-09-27', 2, 4.74),
(135, '2014-09-28', '2015-08-17', 2, 4.35),
(136, '2010-01-01', '2014-03-13', 2, 3.59),
(136, '2014-03-14', '2015-09-25', 2, 3.38),
(137, '2010-01-01', '2011-05-17', 2, 1.84),
(137, '2011-05-18', '2012-01-11', 2, 1.62),
(137, '2012-01-12', '2013-07-20', 2, 1.27),
(137, '2013-07-21', '2014-04-19', 2, 1.84),
(137, '2014-04-20', '2015-04-21', 2, 1.11),
(138, '2010-01-01', '2013-05-23', 2, 3.90),
(138, '2013-05-24', '2014-05-15', 2, 3.46),
(138, '2014-05-16', '2015-06-13', 2, 3.14),
(139, '2010-01-01', '2015-02-20', 2, 2.69),
(141, '2010-01-01', '2013-02-10', 2, 2.76),
(141, '2013-02-11', '2014-04-16', 2, 2.10),
(141, '2014-04-17', '2015-02-21', 2, 2.50),
(142, '2010-01-01', '2014-05-20', 2, 1.78),
(142, '2014-05-21', '2015-07-18', 2, 1.94),
(143, '2010-01-01', '2011-04-21', 2, 10.10),
(143, '2011-04-22', '2012-01-18', 2, 10.18),
(143, '2012-01-19', '2013-08-12', 2, 10.62),
(143, '2013-08-13', '2014-04-10', 2, 10.54),
(143, '2014-04-11', '2015-06-17', 2, 10.69),
(144, '2010-01-01', '2015-06-11', 2, 2.63),
(145, '2010-01-01', '2012-09-23', 2, 5.72),
(145, '2012-09-24', '2013-06-18', 2, 5.31),
(145, '2013-06-19', '2014-04-21', 2, 5.48),
(145, '2014-04-22', '2015-09-28', 2, 5.23),
(146, '2010-01-01', '2015-04-19', 2, 3.36),
(147, '2010-01-01', '2015-02-16', 2, 3.89),
(148, '2010-01-01', '2013-01-23', 2, 2.34),
(148, '2013-01-24', '2014-09-18', 2, 2.44),
(148, '2014-09-19', '2015-08-26', 2, 2.99),
(149, '2010-01-01', '2012-07-14', 2, 5.13),
(149, '2012-07-15', '2013-02-26', 2, 5.10),
(149, '2013-02-27', '2014-02-27', 2, 5.32),
(149, '2014-02-28', '2015-07-25', 2, 5.93),
(150, '2010-01-01', '2014-04-28', 2, 3.28),
(150, '2014-04-29', '2015-02-17', 2, 3.79),
(1, '2010-01-01', '2011-04-26', 3, 2.20),
(1, '2011-04-27', '2012-04-20', 3, 2.97),
(1, '2012-04-21', '2013-04-14', 3, 2.97),
(1, '2013-04-15', '2014-05-10', 3, 2.25),
(1, '2014-05-11', '2015-05-16', 3, 2.51),
(2, '2010-01-01', '2015-07-23', 3, 2.51),
(3, '2010-01-01', '2011-02-25', 3, 2.71),
(3, '2011-02-26', '2012-07-26', 3, 2.40),
(3, '2012-07-27', '2013-05-10', 3, 2.60),
(3, '2013-05-11', '2014-04-26', 3, 2.36),
(3, '2014-04-27', '2015-05-15', 3, 2.21),
(4, '2010-01-01', '2014-01-20', 3, 2.98),
(4, '2014-01-21', '2015-01-10', 3, 2.87),
(5, '2010-01-01', '2011-04-19', 3, 2.46),
(5, '2011-04-20', '2012-01-12', 3, 2.33),
(5, '2012-01-13', '2013-02-16', 3, 2.33),
(5, '2013-02-17', '2014-09-10', 3, 2.14),
(5, '2014-09-11', '2015-09-26', 3, 2.64),
(7, '2010-01-01', '2011-03-21', 3, 2.41),
(7, '2011-03-22', '2012-07-24', 3, 2.21),
(7, '2012-07-25', '2013-01-12', 3, 2.86),
(7, '2013-01-13', '2014-01-19', 3, 2.30),
(7, '2014-01-20', '2015-04-28', 3, 2.10),
(10, '2010-01-01', '2012-08-10', 3, 1.19),
(10, '2012-08-11', '2013-08-12', 3, 1.68),
(10, '2013-08-13', '2014-07-13', 3, 1.90),
(10, '2014-07-14', '2015-08-18', 3, 1.13),
(11, '2010-01-01', '2013-06-28', 3, 1.44),
(11, '2013-06-29', '2014-05-19', 3, 1.28),
(11, '2014-05-20', '2015-02-12', 3, 1.13),
(12, '2010-01-01', '2014-02-24', 3, 1.34),
(12, '2014-02-25', '2015-05-16', 3, 1.92),
(13, '2010-01-01', '2015-03-26', 3, 1.47),
(14, '2010-01-01', '2014-08-12', 3, 5.90),
(14, '2014-08-13', '2015-02-17', 3, 5.30),
(15, '2010-01-01', '2015-04-24', 3, 3.86),
(16, '2010-01-01', '2012-04-22', 3, 4.49),
(16, '2012-04-23', '2013-01-24', 3, 4.92),
(16, '2013-01-25', '2014-05-12', 3, 4.27),
(16, '2014-05-13', '2015-06-18', 3, 4.75),
(17, '2010-01-01', '2015-01-18', 3, 1.43),
(18, '2010-01-01', '2014-05-11', 3, 2.42),
(18, '2014-05-12', '2015-09-14', 3, 2.39),
(19, '2010-01-01', '2012-07-15', 3, 5.21),
(19, '2012-07-16', '2013-08-27', 3, 5.57),
(19, '2013-08-28', '2014-09-16', 3, 5.72),
(19, '2014-09-17', '2015-08-18', 3, 5.67),
(21, '2010-01-01', '2014-08-24', 3, 2.88),
(21, '2014-08-25', '2015-03-10', 3, 2.55),
(22, '2010-01-01', '2014-09-25', 3, 1.37),
(22, '2014-09-26', '2015-09-15', 3, 1.57),
(23, '2010-01-01', '2013-08-14', 3, 2.64),
(23, '2013-08-15', '2014-07-27', 3, 2.63),
(23, '2014-07-28', '2015-01-28', 3, 2.78),
(24, '2010-01-01', '2013-05-20', 3, 0.21),
(24, '2013-05-21', '2014-01-14', 3, 0.25),
(24, '2014-01-15', '2015-07-27', 3, 0.34),
(25, '2010-01-01', '2012-04-21', 3, 0.38),
(25, '2012-04-22', '2013-01-28', 3, 0.26),
(25, '2013-01-29', '2014-08-14', 3, 0.42),
(25, '2014-08-15', '2015-06-19', 3, 0.84),
(26, '2010-01-01', '2015-02-21', 3, 0.20),
(27, '2010-01-01', '2014-03-15', 3, 0.73),
(27, '2014-03-16', '2015-07-10', 3, 0.64),
(28, '2010-01-01', '2013-04-25', 3, 2.70),
(28, '2013-04-26', '2014-06-16', 3, 2.48),
(28, '2014-06-17', '2015-02-25', 3, 2.83),
(29, '2010-01-01', '2013-06-21', 3, 1.98),
(29, '2013-06-22', '2014-06-24', 3, 1.38),
(29, '2014-06-25', '2015-03-15', 3, 1.64),
(30, '2010-01-01', '2013-05-16', 3, 3.46),
(30, '2013-05-17', '2014-03-18', 3, 3.37),
(30, '2014-03-19', '2015-01-21', 3, 3.82),
(31, '2010-01-01', '2015-02-27', 3, 2.93),
(32, '2010-01-01', '2011-01-28', 3, 13.97),
(32, '2011-01-29', '2012-09-23', 3, 13.51),
(32, '2012-09-24', '2013-08-18', 3, 13.61),
(32, '2013-08-19', '2014-08-26', 3, 13.88),
(32, '2014-08-27', '2015-05-13', 3, 13.65),
(33, '2010-01-01', '2011-07-21', 3, 10.13),
(33, '2011-07-22', '2012-09-20', 3, 10.58),
(33, '2012-09-21', '2013-07-19', 3, 10.33),
(33, '2013-07-20', '2014-08-25', 3, 10.88),
(33, '2014-08-26', '2015-01-18', 3, 10.35),
(35, '2010-01-01', '2011-06-21', 3, 15.40),
(35, '2011-06-22', '2012-01-24', 3, 15.61),
(35, '2012-01-25', '2013-04-24', 3, 15.50),
(35, '2013-04-25', '2014-09-11', 3, 15.37),
(35, '2014-09-12', '2015-01-12', 3, 15.73),
(36, '2010-01-01', '2011-03-13', 3, 13.62),
(36, '2011-03-14', '2012-03-23', 3, 13.84),
(36, '2012-03-24', '2013-05-17', 3, 13.90),
(36, '2013-05-18', '2014-05-26', 3, 13.98),
(36, '2014-05-27', '2015-03-26', 3, 13.71),
(37, '2010-01-01', '2015-06-27', 3, 13.59),
(39, '2010-01-01', '2012-05-26', 3, 10.94),
(39, '2012-05-27', '2013-06-20', 3, 10.57),
(39, '2013-06-21', '2014-06-13', 3, 10.86),
(39, '2014-06-14', '2015-08-12', 3, 10.30),
(40, '2010-01-01', '2013-09-16', 3, 11.48),
(40, '2013-09-17', '2014-04-26', 3, 11.73),
(40, '2014-04-27', '2015-08-21', 3, 11.71),
(41, '2010-01-01', '2011-03-21', 3, 27.56),
(41, '2011-03-22', '2012-03-10', 3, 27.46),
(41, '2012-03-11', '2013-01-16', 3, 27.15),
(41, '2013-01-17', '2014-06-24', 3, 27.63),
(41, '2014-06-25', '2015-07-16', 3, 27.58),
(42, '2010-01-01', '2015-01-27', 3, 15.36),
(44, '2010-01-01', '2012-08-11', 3, 14.51),
(44, '2012-08-12', '2013-09-19', 3, 14.88),
(44, '2013-09-20', '2014-01-19', 3, 14.10),
(44, '2014-01-20', '2015-04-24', 3, 14.93),
(45, '2010-01-01', '2012-01-18', 3, 17.70),
(45, '2012-01-19', '2013-07-15', 3, 17.76),
(45, '2013-07-16', '2014-09-27', 3, 17.94),
(45, '2014-09-28', '2015-02-22', 3, 17.33),
(47, '2010-01-01', '2015-04-24', 3, 11.60),
(48, '2010-01-01', '2011-07-28', 3, 14.34),
(48, '2011-07-29', '2012-01-20', 3, 14.57),
(48, '2012-01-21', '2013-06-19', 3, 14.13),
(48, '2013-06-20', '2014-06-13', 3, 14.73),
(48, '2014-06-14', '2015-02-24', 3, 14.29),
(49, '2010-01-01', '2015-07-22', 3, 12.98),
(50, '2010-01-01', '2014-07-26', 3, 23.84),
(50, '2014-07-27', '2015-08-16', 3, 23.63),
(52, '2010-01-01', '2011-08-19', 3, 6.51),
(52, '2011-08-20', '2012-08-26', 3, 6.31),
(52, '2012-08-27', '2013-04-18', 3, 6.89),
(52, '2013-04-19', '2014-07-15', 3, 6.17),
(52, '2014-07-16', '2015-08-15', 3, 6.21),
(53, '2010-01-01', '2012-03-16', 3, 2.93),
(53, '2012-03-17', '2013-02-25', 3, 2.62),
(53, '2013-02-26', '2014-01-18', 3, 2.54),
(53, '2014-01-19', '2015-09-14', 3, 2.98),
(56, '2010-01-01', '2012-06-13', 3, 3.16),
(56, '2012-06-14', '2013-04-14', 3, 3.14),
(56, '2013-04-15', '2014-01-21', 3, 3.79),
(56, '2014-01-22', '2015-08-20', 3, 3.14),
(57, '2010-01-01', '2015-01-19', 3, 3.35),
(58, '2010-01-01', '2011-02-10', 3, 2.17),
(58, '2011-02-11', '2012-04-13', 3, 2.71),
(58, '2012-04-14', '2013-05-18', 3, 2.97),
(58, '2013-05-19', '2014-03-27', 3, 2.44),
(58, '2014-03-28', '2015-01-24', 3, 2.49),
(59, '2010-01-01', '2012-06-13', 3, 3.74),
(59, '2012-06-14', '2013-03-11', 3, 3.78),
(59, '2013-03-12', '2014-08-18', 3, 3.31),
(59, '2014-08-19', '2015-04-10', 3, 3.97),
(62, '2010-01-01', '2012-01-10', 3, 3.91),
(62, '2012-01-11', '2013-07-22', 3, 3.58),
(62, '2013-07-23', '2014-02-23', 3, 3.50),
(62, '2014-02-24', '2015-07-14', 3, 3.29),
(63, '2010-01-01', '2012-09-24', 3, 3.49),
(63, '2012-09-25', '2013-05-28', 3, 3.13),
(63, '2013-05-29', '2014-02-27', 3, 3.32),
(63, '2014-02-28', '2015-02-20', 3, 3.49),
(65, '2010-01-01', '2011-04-10', 3, 3.36),
(65, '2011-04-11', '2012-03-28', 3, 3.41),
(65, '2012-03-29', '2013-04-25', 3, 3.27),
(65, '2013-04-26', '2014-06-27', 3, 3.12),
(65, '2014-06-28', '2015-03-23', 3, 3.86),
(66, '2010-01-01', '2015-06-12', 3, 23.31),
(67, '2010-01-01', '2011-09-20', 3, 3.37),
(67, '2011-09-21', '2012-02-18', 3, 3.96),
(67, '2012-02-19', '2013-02-21', 3, 3.81),
(67, '2013-02-22', '2014-06-19', 3, 3.93),
(67, '2014-06-20', '2015-02-26', 3, 3.98),
(68, '2010-01-01', '2011-07-14', 3, 3.85),
(68, '2011-07-15', '2012-03-27', 3, 3.24),
(68, '2012-03-28', '2013-07-25', 3, 3.27),
(68, '2013-07-26', '2014-07-23', 3, 3.76),
(68, '2014-07-24', '2015-02-23', 3, 3.79),
(69, '2010-01-01', '2013-07-14', 3, 1.90),
(69, '2013-07-15', '2014-05-15', 3, 1.42),
(69, '2014-05-16', '2015-09-22', 3, 1.80),
(71, '2010-01-01', '2012-02-25', 3, 1.16),
(71, '2012-02-26', '2013-08-15', 3, 1.36),
(71, '2013-08-16', '2014-06-13', 3, 1.82),
(71, '2014-06-14', '2015-06-26', 3, 1.51),
(72, '2010-01-01', '2013-04-21', 3, 1.52),
(72, '2013-04-22', '2014-07-19', 3, 1.48),
(72, '2014-07-20', '2015-09-25', 3, 1.58),
(73, '2010-01-01', '2014-04-21', 3, 2.76),
(73, '2014-04-22', '2015-02-11', 3, 2.38),
(75, '2010-01-01', '2013-06-20', 3, 3.87),
(75, '2013-06-21', '2014-02-25', 3, 3.47),
(75, '2014-02-26', '2015-04-17', 3, 3.25),
(77, '2010-01-01', '2012-05-17', 3, 4.67),
(77, '2012-05-18', '2013-04-10', 3, 4.25),
(77, '2013-04-11', '2014-03-25', 3, 4.54),
(77, '2014-03-26', '2015-04-21', 3, 4.49),
(78, '2010-01-01', '2014-03-14', 3, 3.65),
(78, '2014-03-15', '2015-06-20', 3, 3.37),
(79, '2010-01-01', '2011-07-25', 3, 2.69),
(79, '2011-07-26', '2012-09-11', 3, 2.88),
(79, '2012-09-12', '2013-01-24', 3, 2.17),
(79, '2013-01-25', '2014-06-16', 3, 2.15),
(79, '2014-06-17', '2015-01-12', 3, 2.70),
(80, '2010-01-01', '2012-02-27', 3, 2.25),
(80, '2012-02-28', '2013-03-27', 3, 2.50),
(80, '2013-03-28', '2014-08-24', 3, 2.87),
(80, '2014-08-25', '2015-04-10', 3, 2.57),
(81, '2010-01-01', '2013-08-22', 3, 2.13),
(81, '2013-08-23', '2014-06-15', 3, 2.33),
(81, '2014-06-16', '2015-07-27', 3, 2.47),
(82, '2010-01-01', '2011-05-11', 3, 4.23),
(82, '2011-05-12', '2012-05-10', 3, 4.10),
(82, '2012-05-11', '2013-09-26', 3, 4.41),
(82, '2013-09-27', '2014-04-21', 3, 4.84),
(82, '2014-04-22', '2015-01-12', 3, 4.89),
(83, '2010-01-01', '2011-07-18', 3, 4.90),
(83, '2011-07-19', '2012-01-12', 3, 4.50),
(83, '2012-01-13', '2013-07-25', 3, 4.53),
(83, '2013-07-26', '2014-05-10', 3, 4.57),
(83, '2014-05-11', '2015-03-17', 3, 4.23),
(84, '2010-01-01', '2013-07-16', 3, 4.74),
(84, '2013-07-17', '2014-08-16', 3, 4.59),
(84, '2014-08-17', '2015-05-14', 3, 4.34),
(87, '2010-01-01', '2012-06-18', 3, 10.22),
(87, '2012-06-19', '2013-03-11', 3, 10.50),
(87, '2013-03-12', '2014-01-14', 3, 10.57),
(87, '2014-01-15', '2015-06-19', 3, 10.17),
(88, '2010-01-01', '2013-02-20', 3, 4.67),
(88, '2013-02-21', '2014-02-24', 3, 4.17),
(88, '2014-02-25', '2015-03-28', 3, 4.18),
(89, '2010-01-01', '2015-01-11', 3, 8.62),
(90, '2010-01-01', '2011-06-16', 3, 5.88),
(90, '2011-06-17', '2012-03-24', 3, 5.38),
(90, '2012-03-25', '2013-06-10', 3, 5.77),
(90, '2013-06-11', '2014-08-13', 3, 5.23),
(90, '2014-08-14', '2015-02-15', 3, 5.36),
(91, '2010-01-01', '2013-02-27', 3, 10.45),
(91, '2013-02-28', '2014-09-15', 3, 10.99),
(91, '2014-09-16', '2015-04-17', 3, 10.95),
(92, '2010-01-01', '2012-04-15', 3, 11.58),
(92, '2012-04-16', '2013-03-23', 3, 11.62),
(92, '2013-03-24', '2014-06-12', 3, 11.41),
(92, '2014-06-13', '2015-07-18', 3, 11.44),
(93, '2010-01-01', '2015-05-18', 3, 10.66),
(96, '2010-01-01', '2011-08-13', 3, 9.69),
(96, '2011-08-14', '2012-03-24', 3, 9.17),
(96, '2012-03-25', '2013-08-28', 3, 9.20),
(96, '2013-08-29', '2014-08-25', 3, 9.28),
(96, '2014-08-26', '2015-01-22', 3, 9.19),
(97, '2010-01-01', '2014-07-26', 3, 6.66),
(97, '2014-07-27', '2015-02-23', 3, 6.60),
(99, '2010-01-01', '2015-07-16', 3, 2.94),
(100, '2010-01-01', '2014-09-21', 3, 4.71),
(100, '2014-09-22', '2015-03-13', 3, 4.84),
(101, '2010-01-01', '2011-05-20', 3, 3.70),
(101, '2011-05-21', '2012-01-28', 3, 3.98),
(101, '2012-01-29', '2013-01-18', 3, 3.86),
(101, '2013-01-19', '2014-08-21', 3, 3.79),
(101, '2014-08-22', '2015-03-10', 3, 3.91),
(102, '2010-01-01', '2014-07-12', 3, 9.26),
(102, '2014-07-13', '2015-08-28', 3, 9.17),
(103, '2010-01-01', '2013-09-22', 3, 2.42),
(103, '2013-09-23', '2014-08-22', 3, 2.16),
(103, '2014-08-23', '2015-07-22', 3, 2.44),
(105, '2010-01-01', '2014-06-21', 3, 9.92),
(105, '2014-06-22', '2015-04-11', 3, 9.72),
(107, '2010-01-01', '2014-05-14', 3, 1.18),
(107, '2014-05-15', '2015-04-27', 3, 1.11),
(108, '2010-01-01', '2012-03-25', 3, 2.86),
(108, '2012-03-26', '2013-08-16', 3, 2.99),
(108, '2013-08-17', '2014-09-28', 3, 2.92),
(108, '2014-09-29', '2015-08-24', 3, 2.99),
(109, '2010-01-01', '2015-01-28', 3, 2.17),
(110, '2010-01-01', '2013-02-23', 3, 2.61),
(110, '2013-02-24', '2014-05-28', 3, 2.46),
(110, '2014-05-29', '2015-06-22', 3, 2.34),
(111, '2010-01-01', '2013-02-21', 3, 1.39),
(111, '2013-02-22', '2014-02-14', 3, 1.38),
(111, '2014-02-15', '2015-09-11', 3, 1.78),
(112, '2010-01-01', '2014-05-24', 3, 1.91),
(112, '2014-05-25', '2015-01-27', 3, 1.27),
(113, '2010-01-01', '2015-03-18', 3, 3.30),
(116, '2010-01-01', '2015-01-13', 3, 3.89),
(117, '2010-01-01', '2015-07-18', 3, 3.54),
(118, '2010-01-01', '2014-07-21', 3, 2.79),
(118, '2014-07-22', '2015-03-27', 3, 2.33),
(119, '2010-01-01', '2015-04-14', 3, 2.35),
(120, '2010-01-01', '2012-08-20', 3, 4.87),
(120, '2012-08-21', '2013-09-24', 3, 4.11),
(120, '2013-09-25', '2014-04-20', 3, 4.97),
(120, '2014-04-21', '2015-08-22', 3, 4.54),
(122, '2010-01-01', '2011-01-27', 3, 3.84),
(122, '2011-01-28', '2012-07-17', 3, 3.41),
(122, '2012-07-18', '2013-08-17', 3, 3.94),
(122, '2013-08-18', '2014-07-17', 3, 3.33),
(122, '2014-07-18', '2015-02-17', 3, 3.28),
(123, '2010-01-01', '2015-07-15', 3, 5.46),
(124, '2010-01-01', '2012-01-22', 3, 3.21),
(124, '2012-01-23', '2013-09-26', 3, 3.94),
(124, '2013-09-27', '2014-06-11', 3, 3.17),
(124, '2014-06-12', '2015-09-14', 3, 3.71),
(125, '2010-01-01', '2013-02-13', 3, 5.71),
(125, '2013-02-14', '2014-05-17', 3, 5.67),
(125, '2014-05-18', '2015-01-15', 3, 5.54),
(127, '2010-01-01', '2011-06-10', 3, 4.26),
(127, '2011-06-11', '2012-06-22', 3, 4.92),
(127, '2012-06-23', '2013-09-14', 3, 4.85),
(127, '2013-09-15', '2014-01-14', 3, 4.51),
(127, '2014-01-15', '2015-02-17', 3, 4.44),
(128, '2010-01-01', '2011-03-22', 3, 3.56),
(128, '2011-03-23', '2012-09-24', 3, 3.36),
(128, '2012-09-25', '2013-08-18', 3, 3.83),
(128, '2013-08-19', '2014-07-24', 3, 3.66),
(128, '2014-07-25', '2015-07-21', 3, 3.32),
(130, '2010-01-01', '2014-08-11', 3, 6.80),
(130, '2014-08-12', '2015-09-14', 3, 6.31),
(131, '2010-01-01', '2012-04-18', 3, 6.24),
(131, '2012-04-19', '2013-03-10', 3, 6.76),
(131, '2013-03-11', '2014-02-20', 3, 6.90),
(131, '2014-02-21', '2015-09-27', 3, 6.86),
(132, '2010-01-01', '2012-08-11', 3, 8.61),
(132, '2012-08-12', '2013-04-19', 3, 8.12),
(132, '2013-04-20', '2014-02-16', 3, 8.48),
(132, '2014-02-17', '2015-06-24', 3, 8.55),
(134, '2010-01-01', '2012-04-26', 3, 5.35),
(134, '2012-04-27', '2013-09-11', 3, 5.46),
(134, '2013-09-12', '2014-09-26', 3, 5.52),
(134, '2014-09-27', '2015-03-27', 3, 5.33),
(135, '2010-01-01', '2011-08-18', 3, 4.69),
(135, '2011-08-19', '2012-02-27', 3, 4.72),
(135, '2012-02-28', '2013-08-16', 3, 4.91),
(135, '2013-08-17', '2014-05-17', 3, 4.83),
(135, '2014-05-18', '2015-04-19', 3, 4.76),
(136, '2010-01-01', '2011-07-17', 3, 3.24),
(136, '2011-07-18', '2012-01-28', 3, 3.72),
(136, '2012-01-29', '2013-07-19', 3, 3.25),
(136, '2013-07-20', '2014-03-10', 3, 3.38),
(136, '2014-03-11', '2015-01-16', 3, 3.60),
(137, '2010-01-01', '2012-07-11', 3, 1.35),
(137, '2012-07-12', '2013-07-22', 3, 1.37),
(137, '2013-07-23', '2014-06-15', 3, 1.74),
(137, '2014-06-16', '2015-03-20', 3, 1.55),
(138, '2010-01-01', '2012-01-25', 3, 3.82),
(138, '2012-01-26', '2013-01-27', 3, 3.61),
(138, '2013-01-28', '2014-06-26', 3, 3.85),
(138, '2014-06-27', '2015-08-18', 3, 3.58),
(139, '2010-01-01', '2015-03-11', 3, 2.51),
(140, '2010-01-01', '2014-08-15', 3, 1.19),
(140, '2014-08-16', '2015-04-24', 3, 1.38),
(141, '2010-01-01', '2012-04-27', 3, 2.29),
(141, '2012-04-28', '2013-01-26', 3, 2.70),
(141, '2013-01-27', '2014-06-27', 3, 2.62),
(141, '2014-06-28', '2015-08-23', 3, 2.55),
(142, '2010-01-01', '2011-03-25', 3, 1.78),
(142, '2011-03-26', '2012-05-26', 3, 1.81),
(142, '2012-05-27', '2013-02-27', 3, 1.27),
(142, '2013-02-28', '2014-04-28', 3, 1.99),
(142, '2014-04-29', '2015-01-11', 3, 1.64),
(143, '2010-01-01', '2015-09-25', 3, 10.68),
(145, '2010-01-01', '2015-07-20', 3, 5.89),
(148, '2010-01-01', '2013-01-11', 3, 2.35),
(148, '2013-01-12', '2014-06-25', 3, 2.35),
(148, '2014-06-26', '2015-01-16', 3, 2.43),
(149, '2010-01-01', '2013-05-17', 3, 5.35),
(149, '2013-05-18', '2014-02-26', 3, 5.40),
(149, '2014-02-27', '2015-02-21', 3, 5.39),
(150, '2010-01-01', '2014-04-15', 3, 3.72),
(150, '2014-04-16', '2015-02-16', 3, 3.35);

INSERT INTO historia_cen (id_produktu, data_od, id_placowki, cena_netto) VALUES
(1, '2015-07-16', 1, 2.47),
(2, '2015-09-12', 1, 2.60),
(3, '2015-06-26', 1, 2.48),
(4, '2015-04-14', 1, 2.81),
(5, '2015-07-22', 1, 2.18),
(6, '2015-05-21', 1, 2.23),
(7, '2015-04-28', 1, 2.60),
(8, '2015-02-14', 1, 3.53),
(9, '2015-09-22', 1, 3.56),
(10, '2015-06-26', 1, 1.52),
(11, '2015-09-27', 1, 1.70),
(12, '2015-08-24', 1, 1.72),
(13, '2015-07-14', 1, 1.28),
(14, '2015-05-29', 1, 5.84),
(15, '2015-02-19', 1, 3.91),
(16, '2010-01-01', 1, 4.28),
(17, '2015-08-16', 1, 1.93),
(18, '2015-03-28', 1, 2.27),
(19, '2015-05-14', 1, 5.35),
(20, '2015-07-28', 1, 2.58),
(21, '2015-07-28', 1, 2.91),
(22, '2015-03-27', 1, 1.87),
(23, '2015-09-19', 1, 2.80),
(24, '2015-01-29', 1, 0.94),
(25, '2015-09-19', 1, 0.68),
(26, '2015-07-20', 1, 0.28),
(27, '2015-09-22', 1, 0.61),
(28, '2015-04-21', 1, 2.63),
(29, '2015-09-19', 1, 1.96),
(30, '2015-01-19', 1, 3.27),
(31, '2015-01-22', 1, 2.38),
(32, '2010-01-01', 1, 13.59),
(33, '2015-09-28', 1, 10.95),
(34, '2010-01-01', 1, 13.75),
(35, '2015-02-21', 1, 15.45),
(36, '2015-06-14', 1, 13.36),
(37, '2015-09-14', 1, 13.46),
(38, '2015-09-12', 1, 47.13),
(39, '2010-01-01', 1, 10.90),
(40, '2015-09-14', 1, 11.20),
(41, '2015-09-29', 1, 27.48),
(42, '2015-09-11', 1, 15.28),
(43, '2015-09-19', 1, 13.72),
(44, '2015-06-25', 1, 14.23),
(45, '2010-01-01', 1, 17.90),
(46, '2015-07-21', 1, 13.26),
(47, '2015-02-26', 1, 11.35),
(48, '2015-07-26', 1, 14.20),
(49, '2015-05-20', 1, 12.89),
(50, '2015-06-17', 1, 23.57),
(51, '2010-01-01', 1, 10.32),
(52, '2015-08-15', 1, 6.42),
(53, '2010-01-01', 1, 2.48),
(54, '2015-05-14', 1, 2.22),
(55, '2015-02-23', 1, 2.39),
(56, '2010-01-01', 1, 3.24),
(57, '2015-02-22', 1, 3.24),
(58, '2015-05-28', 1, 2.48),
(59, '2010-01-01', 1, 3.82),
(60, '2015-09-18', 1, 3.47),
(61, '2015-03-19', 1, 3.72),
(62, '2015-03-15', 1, 3.95),
(63, '2010-01-01', 1, 3.18),
(64, '2015-03-18', 1, 2.34),
(65, '2010-01-01', 1, 3.87),
(66, '2015-06-11', 1, 23.33),
(67, '2010-01-01', 1, 3.29),
(68, '2015-08-27', 1, 3.65),
(69, '2015-09-21', 1, 1.31),
(70, '2015-07-28', 1, 1.19),
(71, '2010-01-01', 1, 1.90),
(72, '2015-03-16', 1, 1.22),
(73, '2015-03-13', 1, 2.58),
(74, '2015-07-28', 1, 2.83),
(75, '2015-03-12', 1, 3.61),
(76, '2015-02-22', 1, 3.94),
(77, '2015-02-11', 1, 4.23),
(78, '2015-04-24', 1, 3.21),
(79, '2015-01-11', 1, 2.30),
(80, '2015-09-23', 1, 2.64),
(81, '2010-01-01', 1, 2.10),
(82, '2015-09-14', 1, 4.57),
(83, '2010-01-01', 1, 4.69),
(84, '2015-01-15', 1, 4.60),
(85, '2015-04-14', 1, 2.88),
(86, '2015-01-18', 1, 4.71),
(87, '2015-04-21', 1, 10.64),
(88, '2015-09-13', 1, 4.20),
(89, '2010-01-01', 1, 8.87),
(90, '2015-07-25', 1, 5.99),
(91, '2015-03-19', 1, 10.35),
(92, '2015-06-11', 1, 11.33),
(93, '2015-06-25', 1, 10.58),
(94, '2015-06-11', 1, 11.32),
(95, '2015-01-27', 1, 12.83),
(96, '2015-09-14', 1, 9.92),
(97, '2015-03-18', 1, 6.91),
(98, '2015-03-17', 1, 4.40),
(99, '2010-01-01', 1, 2.94),
(100, '2015-03-23', 1, 4.50),
(101, '2015-05-13', 1, 3.97),
(102, '2015-09-15', 1, 9.95),
(103, '2015-04-29', 1, 2.89),
(104, '2015-04-17', 1, 8.50),
(105, '2015-05-28', 1, 9.95),
(106, '2015-05-16', 1, 2.91),
(107, '2015-05-18', 1, 1.82),
(108, '2015-05-21', 1, 2.80),
(109, '2015-03-19', 1, 2.59),
(110, '2015-04-22', 1, 2.78),
(111, '2015-06-20', 1, 1.79),
(112, '2015-01-16', 1, 1.21),
(113, '2015-04-27', 1, 3.17),
(114, '2015-03-12', 1, 3.83),
(115, '2015-03-14', 1, 2.43),
(116, '2015-03-28', 1, 3.10),
(117, '2010-01-01', 1, 3.87),
(118, '2015-02-20', 1, 2.66),
(119, '2010-01-01', 1, 2.56),
(120, '2015-01-28', 1, 4.90),
(121, '2015-08-11', 1, 4.22),
(122, '2015-05-21', 1, 3.88),
(123, '2015-03-15', 1, 5.99),
(124, '2015-01-19', 1, 3.88),
(125, '2010-01-01', 1, 5.39),
(126, '2015-03-26', 1, 3.79),
(127, '2015-01-16', 1, 4.39),
(128, '2010-01-01', 1, 3.64),
(129, '2010-01-01', 1, 3.82),
(130, '2015-06-13', 1, 6.40),
(131, '2015-05-26', 1, 6.18),
(132, '2015-05-28', 1, 8.77),
(133, '2015-08-16', 1, 4.48),
(134, '2015-08-12', 1, 5.97),
(135, '2015-05-11', 1, 4.63),
(136, '2015-01-15', 1, 3.80),
(137, '2010-01-01', 1, 1.37),
(138, '2015-07-28', 1, 3.76),
(139, '2015-06-27', 1, 2.24),
(140, '2015-06-25', 1, 1.52),
(141, '2015-07-23', 1, 2.21),
(142, '2015-08-24', 1, 1.39),
(143, '2015-02-18', 1, 10.61),
(144, '2015-05-14', 1, 2.86),
(145, '2015-08-21', 1, 5.30),
(146, '2015-09-16', 1, 3.33),
(147, '2015-01-24', 1, 3.43),
(148, '2015-01-28', 1, 2.46),
(149, '2010-01-01', 1, 5.52),
(150, '2010-01-01', 1, 3.82),
(1, '2015-06-29', 2, 2.23),
(2, '2015-06-17', 2, 2.69),
(3, '2010-01-01', 2, 2.17),
(4, '2015-05-20', 2, 2.92),
(5, '2015-08-29', 2, 2.31),
(6, '2015-03-15', 2, 2.53),
(7, '2015-06-23', 2, 2.52),
(8, '2010-01-01', 2, 3.80),
(9, '2010-01-01', 2, 3.29),
(10, '2015-02-20', 2, 1.42),
(11, '2015-04-19', 2, 1.17),
(12, '2015-03-19', 2, 1.94),
(13, '2015-05-19', 2, 1.65),
(14, '2015-08-13', 2, 5.10),
(15, '2015-04-27', 2, 3.53),
(16, '2015-09-22', 2, 4.52),
(17, '2015-02-25', 2, 1.89),
(18, '2015-07-23', 2, 2.87),
(19, '2015-09-14', 2, 5.48),
(20, '2015-03-21', 2, 2.50),
(21, '2015-05-17', 2, 2.81),
(22, '2015-02-12', 2, 1.21),
(23, '2010-01-01', 2, 2.54),
(24, '2015-01-29', 2, 0.77),
(25, '2015-02-16', 2, 0.94),
(26, '2015-04-19', 2, 0.43),
(27, '2015-09-22', 2, 0.89),
(28, '2015-06-18', 2, 2.49),
(29, '2010-01-01', 2, 1.26),
(30, '2015-06-23', 2, 3.77),
(31, '2015-07-16', 2, 2.66),
(32, '2015-01-28', 2, 13.92),
(33, '2015-09-23', 2, 10.10),
(34, '2010-01-01', 2, 13.99),
(35, '2010-01-01', 2, 15.66),
(36, '2015-07-21', 2, 13.72),
(37, '2015-05-24', 2, 13.93),
(38, '2015-04-24', 2, 47.70),
(39, '2010-01-01', 2, 10.13),
(40, '2015-07-15', 2, 11.55),
(41, '2010-01-01', 2, 27.11),
(42, '2010-01-01', 2, 15.99),
(43, '2015-03-22', 2, 13.16),
(44, '2015-07-12', 2, 14.17),
(45, '2015-04-29', 2, 17.49),
(46, '2015-06-28', 2, 13.52),
(47, '2015-05-28', 2, 11.67),
(48, '2010-01-01', 2, 14.95),
(49, '2010-01-01', 2, 12.36),
(50, '2015-06-22', 2, 23.78),
(51, '2015-04-16', 2, 10.82),
(52, '2015-08-12', 2, 6.14),
(53, '2015-09-13', 2, 2.56),
(54, '2015-08-14', 2, 2.53),
(55, '2015-02-28', 2, 2.50),
(56, '2015-03-29', 2, 3.19),
(57, '2015-01-14', 2, 3.81),
(58, '2015-07-19', 2, 2.88),
(59, '2010-01-01', 2, 3.37),
(60, '2010-01-01', 2, 3.46),
(61, '2015-07-25', 2, 3.48),
(62, '2015-02-21', 2, 3.24),
(63, '2010-01-01', 2, 3.40),
(64, '2015-07-29', 2, 2.13),
(65, '2015-06-13', 2, 3.77),
(66, '2010-01-01', 2, 23.99),
(67, '2010-01-01', 2, 3.16),
(68, '2015-01-25', 2, 3.12),
(69, '2015-01-23', 2, 1.52),
(70, '2015-04-28', 2, 1.37),
(71, '2015-09-20', 2, 1.83),
(72, '2015-05-25', 2, 1.80),
(73, '2015-04-23', 2, 2.87),
(74, '2015-05-16', 2, 2.33),
(75, '2015-09-11', 2, 3.20),
(76, '2015-06-14', 2, 3.97),
(77, '2015-02-18', 2, 4.13),
(78, '2015-06-26', 2, 3.66),
(79, '2015-09-25', 2, 2.34),
(80, '2015-05-18', 2, 2.76),
(81, '2015-05-21', 2, 2.27),
(82, '2015-09-19', 2, 4.84),
(83, '2015-08-11', 2, 4.20),
(84, '2015-01-20', 2, 4.51),
(85, '2015-07-26', 2, 2.72),
(86, '2015-01-25', 2, 4.64),
(87, '2015-03-13', 2, 10.84),
(88, '2010-01-01', 2, 4.66),
(89, '2015-08-13', 2, 8.33),
(90, '2015-05-13', 2, 5.74),
(91, '2015-08-21', 2, 10.25),
(92, '2015-05-15', 2, 11.50),
(93, '2015-04-20', 2, 10.72),
(94, '2015-04-12', 2, 11.50),
(95, '2015-06-18', 2, 12.91),
(96, '2010-01-01', 2, 9.16),
(97, '2015-01-12', 2, 6.89),
(98, '2015-02-21', 2, 4.63),
(99, '2010-01-01', 2, 2.67),
(100, '2015-01-21', 2, 4.19),
(101, '2015-09-20', 2, 3.11),
(102, '2015-05-23', 2, 9.55),
(103, '2010-01-01', 2, 2.92),
(104, '2015-06-14', 2, 8.14),
(105, '2015-05-26', 2, 9.34),
(106, '2010-01-01', 2, 2.51),
(107, '2015-06-27', 2, 1.13),
(108, '2010-01-01', 2, 2.24),
(109, '2015-06-23', 2, 2.86),
(110, '2015-03-19', 2, 2.48),
(111, '2015-02-26', 2, 1.68),
(112, '2015-04-13', 2, 1.17),
(113, '2015-07-29', 2, 3.90),
(114, '2015-05-28', 2, 3.93),
(115, '2015-06-27', 2, 2.84),
(116, '2015-03-27', 2, 3.34),
(117, '2015-03-20', 2, 3.36),
(118, '2010-01-01', 2, 2.77),
(119, '2015-07-19', 2, 2.11),
(120, '2015-09-25', 2, 4.38),
(121, '2015-02-26', 2, 4.71),
(122, '2015-08-16', 2, 3.12),
(123, '2010-01-01', 2, 5.51),
(124, '2015-05-23', 2, 3.62),
(125, '2015-05-21', 2, 5.43),
(126, '2015-06-14', 2, 3.81),
(127, '2015-09-23', 2, 4.81),
(128, '2015-08-21', 2, 3.61),
(129, '2015-06-19', 2, 3.70),
(130, '2015-01-18', 2, 6.68),
(131, '2015-08-26', 2, 6.99),
(132, '2015-02-28', 2, 8.21),
(133, '2015-02-28', 2, 4.40),
(134, '2015-09-15', 2, 5.59),
(135, '2015-08-18', 2, 4.97),
(136, '2015-09-26', 2, 3.77),
(137, '2015-04-22', 2, 1.34),
(138, '2015-06-14', 2, 3.75),
(139, '2015-02-21', 2, 2.11),
(140, '2010-01-01', 2, 1.96),
(141, '2015-02-22', 2, 2.97),
(142, '2015-07-19', 2, 1.18),
(143, '2015-06-18', 2, 10.53),
(144, '2015-06-12', 2, 2.19),
(145, '2015-09-29', 2, 5.33),
(146, '2015-04-20', 2, 3.81),
(147, '2015-02-17', 2, 3.83),
(148, '2015-08-27', 2, 2.29),
(149, '2015-07-26', 2, 5.76),
(150, '2015-02-18', 2, 3.93),
(1, '2015-05-17', 3, 2.96),
(2, '2015-07-24', 3, 2.11),
(3, '2015-05-16', 3, 2.30),
(4, '2015-01-11', 3, 2.95),
(5, '2015-09-27', 3, 2.30),
(6, '2010-01-01', 3, 2.94),
(7, '2015-04-29', 3, 2.38),
(8, '2010-01-01', 3, 3.17),
(9, '2010-01-01', 3, 3.60),
(10, '2015-08-19', 3, 1.98),
(11, '2015-02-13', 3, 1.11),
(12, '2015-05-17', 3, 1.67),
(13, '2015-03-27', 3, 1.32),
(14, '2015-02-18', 3, 5.58),
(15, '2015-04-25', 3, 3.60),
(16, '2015-06-19', 3, 4.81),
(17, '2015-01-19', 3, 1.41),
(18, '2015-09-15', 3, 2.49),
(19, '2015-08-19', 3, 5.81),
(20, '2010-01-01', 3, 2.30),
(21, '2015-03-11', 3, 2.63),
(22, '2015-09-16', 3, 1.42),
(23, '2015-01-29', 3, 2.43),
(24, '2015-07-28', 3, 0.72),
(25, '2015-06-20', 3, 0.62),
(26, '2015-02-22', 3, 0.28),
(27, '2015-07-11', 3, 0.41),
(28, '2015-02-26', 3, 2.68),
(29, '2015-03-16', 3, 1.47),
(30, '2015-01-22', 3, 3.65),
(31, '2015-02-28', 3, 2.66),
(32, '2015-05-14', 3, 13.72),
(33, '2015-01-19', 3, 10.56),
(34, '2010-01-01', 3, 13.44),
(35, '2015-01-13', 3, 15.97),
(36, '2015-03-27', 3, 13.74),
(37, '2015-06-28', 3, 13.63),
(38, '2010-01-01', 3, 47.47),
(39, '2015-08-13', 3, 10.20),
(40, '2015-08-22', 3, 11.45),
(41, '2015-07-17', 3, 27.94),
(42, '2015-01-28', 3, 15.53),
(43, '2010-01-01', 3, 13.97),
(44, '2015-04-25', 3, 14.13),
(45, '2015-02-23', 3, 17.88),
(46, '2010-01-01', 3, 13.60),
(47, '2015-04-25', 3, 11.55),
(48, '2015-02-25', 3, 14.36),
(49, '2015-07-23', 3, 12.98),
(50, '2015-08-17', 3, 23.22),
(51, '2010-01-01', 3, 10.56),
(52, '2015-08-16', 3, 6.88),
(53, '2015-09-15', 3, 2.71),
(54, '2010-01-01', 3, 2.62),
(55, '2010-01-01', 3, 2.46),
(56, '2015-08-21', 3, 3.16),
(57, '2015-01-20', 3, 3.42),
(58, '2015-01-25', 3, 2.74),
(59, '2015-04-11', 3, 3.93),
(60, '2010-01-01', 3, 3.40),
(61, '2010-01-01', 3, 3.42),
(62, '2015-07-15', 3, 3.70),
(63, '2015-02-21', 3, 3.75),
(64, '2010-01-01', 3, 2.71),
(65, '2015-03-24', 3, 3.40),
(66, '2015-06-13', 3, 23.35),
(67, '2015-02-27', 3, 3.98),
(68, '2015-02-24', 3, 3.10),
(69, '2015-09-23', 3, 1.11),
(70, '2010-01-01', 3, 1.33),
(71, '2015-06-27', 3, 1.58),
(72, '2015-09-26', 3, 1.92),
(73, '2015-02-12', 3, 2.48),
(74, '2010-01-01', 3, 2.44),
(75, '2015-04-18', 3, 3.15),
(76, '2010-01-01', 3, 3.47),
(77, '2015-04-22', 3, 4.72),
(78, '2015-06-21', 3, 3.93),
(79, '2015-01-13', 3, 2.88),
(80, '2015-04-11', 3, 2.39),
(81, '2015-07-28', 3, 2.61),
(82, '2015-01-13', 3, 4.76),
(83, '2015-03-18', 3, 4.82),
(84, '2015-05-15', 3, 4.72),
(85, '2010-01-01', 3, 2.61),
(86, '2010-01-01', 3, 4.53),
(87, '2015-06-20', 3, 10.78),
(88, '2015-03-29', 3, 4.65),
(89, '2015-01-12', 3, 8.36),
(90, '2015-02-16', 3, 5.76),
(91, '2015-04-18', 3, 10.38),
(92, '2015-07-19', 3, 11.49),
(93, '2015-05-19', 3, 10.63),
(94, '2010-01-01', 3, 11.65),
(95, '2010-01-01', 3, 12.27),
(96, '2015-01-23', 3, 9.86),
(97, '2015-02-24', 3, 6.19),
(98, '2010-01-01', 3, 4.15),
(99, '2015-07-17', 3, 2.27),
(100, '2015-03-14', 3, 4.37),
(101, '2015-03-11', 3, 3.90),
(102, '2015-08-29', 3, 9.10),
(103, '2015-07-23', 3, 2.82),
(104, '2010-01-01', 3, 8.55),
(105, '2015-04-12', 3, 9.89),
(106, '2010-01-01', 3, 2.43),
(107, '2015-04-28', 3, 1.70),
(108, '2015-08-25', 3, 2.23),
(109, '2015-01-29', 3, 2.77),
(110, '2015-06-23', 3, 2.76),
(111, '2015-09-12', 3, 1.21),
(112, '2015-01-28', 3, 1.25),
(113, '2015-03-19', 3, 3.82),
(114, '2010-01-01', 3, 3.85),
(115, '2010-01-01', 3, 2.19),
(116, '2015-01-14', 3, 3.75),
(117, '2015-07-19', 3, 3.63),
(118, '2015-03-28', 3, 2.75),
(119, '2015-04-15', 3, 2.35),
(120, '2015-08-23', 3, 4.23),
(121, '2010-01-01', 3, 4.36),
(122, '2015-02-18', 3, 3.86),
(123, '2015-07-16', 3, 5.48),
(124, '2015-09-15', 3, 3.25),
(125, '2015-01-16', 3, 5.92),
(126, '2010-01-01', 3, 3.81),
(127, '2015-02-18', 3, 4.90),
(128, '2015-07-22', 3, 3.32),
(129, '2010-01-01', 3, 3.76),
(130, '2015-09-15', 3, 6.48),
(131, '2015-09-28', 3, 6.39),
(132, '2015-06-25', 3, 8.56),
(133, '2010-01-01', 3, 4.72),
(134, '2015-03-28', 3, 5.75),
(135, '2015-04-20', 3, 4.28),
(136, '2015-01-17', 3, 3.68),
(137, '2015-03-21', 3, 1.96),
(138, '2015-08-19', 3, 3.26),
(139, '2015-03-12', 3, 2.51),
(140, '2015-04-25', 3, 1.96),
(141, '2015-08-24', 3, 2.87),
(142, '2015-01-12', 3, 1.71),
(143, '2015-09-26', 3, 10.82),
(144, '2010-01-01', 3, 2.55),
(145, '2015-07-21', 3, 5.52),
(146, '2010-01-01', 3, 3.44),
(147, '2010-01-01', 3, 3.49),
(148, '2015-01-17', 3, 2.62),
(149, '2015-02-22', 3, 5.17),
(150, '2015-02-17', 3, 3.40);




